ID,vendor1_id,first_name,middle_name,last_name,prefix,suffix,dob,phone_num,email,addr,city,state,zip,date_registrated
1,e3e70682-c209-4cac-a29f-6fbed82c07cd,Robert,Jonathan,Dixon,Dr.,DVM,54-03-16,001-382-421-9489,kyleblair8hotmail.com,6593 Ramos Pike,Bryanside,AL,12726,21-03-28 00:03:00
2,d3290a4c-b5d3-4b16-a619-4cb1d71037d1,Kristen,Colleen,Salazar,Mrs.,DDS,14-01-17,933.287.1158,jrodriguezyahoo.com,398 Wallace Ranch Suite 593,Ivanburgh,AZ,80818,21-03-04 00:03:00
3,16febaa0-11af-423d-b9fd-ef7c42930b33,Erika,David,Hernandez,Dr.,DVM,79-01-19,+1-684-833-9694x77515,tuckercrystalgmail.com,413 Norton Isle,Cabreraville,WV,19684,21-05-20 00:05:00
4,d12ecbc4-0b94-45b1-b801-8b47b29a8b06,Audrey,Renee,Ferguson,Mx.,DDS,87-12-31,001-161-510-9032,mendozajessicagmail.com,141 Charles Hollow Suite 620,Williamsville,TX,51786,20-09-07 00:09:00
5,bb4a06cb-e786-4b37-9bca-47be429817c5,Theodore,Rachel,Hudson,Misc.,DDS,27-01-03,(584)197-2076,deborah64gmail.com,150 Taylor Track Suite 594,Brittanyberg,UT,41172,20-11-19 00:11:00
6,a69cfb85-d432-48db-aa17-4c1cbf9cc545,Christopher,Brooke,Hale,Mr.,MD,02-02-25,+1-960-696-0271x42787,hensontroy1yahoo.com,81206 Stewart Forest Apt. 089,East Davidborough,ME,37198,21-03-16 00:03:00
7,79c147c7-19a5-411b-aea6-0b99fa7ff8bf,Melissa,Randy,Miller,Dr.,PhD,23-08-20,+1-851-240-0034x8559,mathissusan8hotmail.com,8236 Smith Drive Suite 555,West Kimberlyton,AZ,35840,20-08-24 00:08:00
8,4a1eb1b7-955d-4e77-bb5e-b8662640211e,Michael,Veronica,Anderson,Mr.,DVM,47-05-18,(814)654-6118,zwellsyahoo.com,76045 Samantha Road Suite 111,Lake Jeffrey,MS,01530,20-07-30 00:07:00
9,4a31b243-84dd-4da6-8e75-1eb764d09913,Shane,Tracy,Richards,Mx.,MD,40-12-26,001-263-511-0873,crawfordjonathanhotmail.com,213 Gray Plains,North Vanessa,NM,19952,21-01-26 00:01:00
10,6c596216-ae0f-4bc8-a36b-cb0167e98363,Natalie,Tyler,Stark,Dr.,DDS,32-12-19,+1-930-555-0824,meganaguilar2hotmail.com,013 Billy Bridge,Riveraburgh,WI,20007,21-05-25 00:05:00
11,5f0ef320-f7f6-4e7f-b5f2-bc20a7f5195c,William,Rachel,Shaw,Mx.,DDS,15-11-13,001-634-896-7699x3002,william455gmail.com,6602 John Stream Suite 007,Thomasland,TN,92080,20-08-19 00:08:00
12,69407be7-5a4f-4145-bc98-c279cf6f111c,Austin,Steven,Ellis,Mr.,Jr.,86-11-26,+1-251-853-6710x979,debra945gmail.com,306 Watson Field,Kellyland,AZ,05741,20-12-27 00:12:00
13,f1dd50bf-06d2-4d7c-a6ac-9d8a4160ff92,Abigail,Ashley,Liu,Mr.,DDS,00-07-16,684.126.9611x61162,moodyryanyahoo.com,4151 Michael Burgs Suite 520,Port Michael,PA,19282,20-09-10 00:09:00
14,ac7b7ab2-a8b5-4f85-b46d-2b7e00d3d1af,Jessica,Rachel,Adkins,Mrs.,DVM,37-03-02,(271)754-2035,thomas443hotmail.com,89426 Sonya Unions,West William,IA,99441,20-09-01 00:09:00
15,a9c72e7b-6b77-4df1-9f59-aa2c4a82e06a,Brandon,David,Smith,Dr.,MD,80-06-08,(296)451-3758x06606,scott54yahoo.com,41892 Hebert Ferry,Reynoldsbury,NH,45116,21-06-20 00:06:00
16,766229cc-5af9-4c78-a47f-4d9785fa2d5c,Crystal,Christopher,Fischer,Mrs.,MD,68-05-09,3414892671,owolf5hotmail.com,40046 Wallace Summit,Michaelborough,PA,11676,20-07-05 00:07:00
17,4e3c0f2d-4332-459d-8ad0-0273120961ea,Amanda,David,Villarreal,Mr.,MD,23-10-09,001-838-168-6447,ashley22gmail.com,9728 Gomez Mountains Suite 377,Trevorton,NV,39846,20-08-16 00:08:00
18,e32866d3-0d6a-48b0-beda-9ab9bec60ffe,Christine,Anthony,Ruiz,Dr.,DDS,16-07-20,+1-605-019-0443x29431,vmurrayyahoo.com,6272 Anderson Ferry Suite 566,Pricebury,WV,26216,20-12-09 00:12:00
19,b5c25d42-9626-48c4-b44a-f454f0a61c5e,Brandon,Paul,Young,Dr.,MD,92-04-25,+1-239-491-8456x70886,thenryyahoo.com,0002 Smith Shoal Apt. 216,New Randy,IN,59968,20-09-04 00:09:00
20,9b3a0c89-1a32-4148-9bba-c83856e9b78d,Nicole,Laura,Morris,Dr.,MD,11-07-06,513.853.3444,wscotthotmail.com,8107 Hardy Causeway,Wernermouth,NV,15983,20-07-25 00:07:00
21,d3861b58-1946-45d3-bdbb-a3af14dbad22,Kathy,Robert,Calhoun,Miss,DDS,59-03-01,2373245561,chelsea349yahoo.com,3019 Gerald Mall Apt. 340,Trevinoville,MS,85068,20-10-05 00:10:00
22,908e0372-bcbe-4a42-b89d-3fda1e454241,Michael,Emily,Warner,Mx.,PhD,38-02-27,845-357-4922,tranmarkhotmail.com,2281 Kathy Tunnel,Hudsonborough,IA,96519,20-08-12 00:08:00
23,62759469-c28d-4ad5-bbd3-147dd0f0c75d,Michael,Brittany,Fuller,Mr.,MD,54-04-13,740.382.7785x1429,uwarner1yahoo.com,53573 Cooper Estates,Andreshire,ND,08127,21-04-02 00:04:00
24,05a0f421-5a79-446a-a6b6-1b06a1645f58,Travis,Bryan,Allen,Mr.,MD,13-12-20,(623)762-5425x660,imacdonald1hotmail.com,6208 Christy Shore,North Mark,WY,23605,20-09-25 00:09:00
25,ce749e8a-f4e1-480b-85a0-2c72f22a4fc6,Paula,Julia,Massey,Mx.,MD,86-11-05,972-990-4560,crawfordmichaelhotmail.com,85265 Pratt Lock Apt. 484,Maddenside,OK,72865,20-10-01 00:10:00
26,74b7061c-09ce-45a8-afd4-fc7bef208346,Randall,David,Reed,Mr.,DVM,40-01-13,+1-943-885-6431x95398,francisco25hotmail.com,255 Garrett Islands,Pattonchester,GA,00633,21-04-24 00:04:00
27,711fa10a-0b29-45c6-918f-f3582408c3c2,David,Sarah,Fry,Dr.,PhD,40-07-14,001-931-864-2821x2918,rfischer1yahoo.com,448 Branch Field Suite 208,Port Donna,WV,74331,20-11-18 00:11:00
28,094f7d5a-f313-40b0-b6d1-42d05c66a9bb,Anna,Robert,Mendez,Dr.,DDS,27-01-18,+1-357-039-3426x19737,rubiofrank7gmail.com,6595 Kurt Park Apt. 436,Grahamfurt,TX,05536,21-02-03 00:02:00
29,919c21ed-d471-43e7-9ac5-f4f0771ec087,David,Jennifer,Murphy,Mr.,Jr.,16-07-25,001-550-131-8705,edwardsrebecca7hotmail.com,264 Frank Dale,Thorntonton,VT,68607,20-07-08 00:07:00
30,be80793e-b0f1-4b1d-8e10-fed6d2d07223,Heidi,Paul,White,Dr.,MD,41-08-15,454.487.2782,chengregoryhotmail.com,37937 Jenna Shoal Apt. 780,Port Zacharytown,WY,10985,20-08-01 00:08:00
31,91fd7d4a-5a31-46a6-9b87-cc5e6d7fe9b2,Shannon,Martha,Hunt,Mx.,DVM,30-04-30,001-205-930-6046x0925,russellscott5hotmail.com,2074 Stacy Circles Suite 110,Andrewfurt,PR,91015,21-03-02 00:03:00
32,74db99f3-52a3-4c33-837e-5725e5a1bdae,Krystal,Julie,Neal,Mrs.,MD,60-03-06,081-155-1702x840,bennetterichotmail.com,23950 Benjamin Road,Williamsbury,RI,37407,20-10-27 00:10:00
33,5a220eb2-3cf9-41fe-b75a-7e6f2b863694,Jeremy,Natalie,Ford,Mx.,DDS,27-07-18,001-062-200-5800,watersdanielhotmail.com,606 Bradley Spur,Jenniferberg,MN,67380,20-09-14 00:09:00
34,213a6ad8-12b3-4a24-a67f-ceeb8889832c,Ricky,Donna,Church,Dr.,MD,36-02-07,(376)914-4858x0997,joshuacarryahoo.com,60666 Jennifer Rapids,Martinmouth,NJ,54384,20-08-22 00:08:00
35,dd55daaf-fefc-4b4a-ab1d-10619717aa6e,Justin,Wesley,Mahoney,Mrs.,PhD,91-04-03,034.295.4604x86064,wlunagmail.com,520 Ray Mountain,Lake Jenniferland,WA,56262,21-01-19 00:01:00
36,2b52dab1-2367-4d9e-8dcd-7d64b9e8e4ee,Eric,Frank,Johnson,Dr.,DVM,90-04-24,001-451-642-5858x2684,nicoleriddle8yahoo.com,6122 Brandy Roads Apt. 399,West Haleyburgh,MS,11691,21-04-26 00:04:00
37,e4751694-1d8a-41a9-82af-33820938ad77,Michael,Jennifer,Flores,Mx.,DDS,96-03-10,328.818.2028x6937,lbaker3gmail.com,061 Cook Parkways Suite 079,West Marissafort,OH,85040,20-11-22 00:11:00
38,3ad23fbf-2e57-4864-83eb-280e79017990,Amber,Erik,Phelps,Mr.,MD,82-07-10,(814)731-4251x20298,adrianatkins2hotmail.com,551 John Parks Suite 430,Kellyhaven,MA,12515,20-07-22 00:07:00
39,39ebfa32-6c1b-4811-92db-d6134e051eea,Joanne,Tamara,Valencia,Mr.,DDS,70-12-15,+1-546-921-6587x35564,teresa412yahoo.com,53257 Daniel Lights Suite 787,Lake Reginald,ME,64290,20-09-20 00:09:00
40,006b8fd6-af15-4ed9-8496-48e85084a40f,Christopher,Logan,Macdonald,Dr.,DVM,83-10-14,001-061-435-2125x03006,andersonlorrainehotmail.com,730 Jones Fall,East Sarah,MS,62718,21-05-01 00:05:00
41,61994015-35c9-499f-af91-79cf00183cfe,Theresa,Blake,Blevins,Mr.,MD,51-05-21,+1-729-814-1140x29263,james88gmail.com,87727 Anderson Glens Suite 198,Loribury,NH,33068,20-11-05 00:11:00
42,69083bd6-ef61-4cac-8674-d2447b056d02,Andrew,Jennifer,Smith,Dr.,MD,38-04-14,772-374-5792x813,sarah101gmail.com,276 Robert Fields Apt. 605,Lake Mark,NC,71643,21-03-25 00:03:00
43,6f1d5baf-952b-450d-9830-349dd9efbb41,Edwin,Haley,Snyder,Ind.,MD,09-12-14,795.830.0023,nsawyergmail.com,457 Frank Point Suite 767,Meghanmouth,CA,19714,20-09-15 00:09:00
44,27e08e2f-c06b-4d38-9d01-0478c110412c,Stephanie,Phillip,Marshall,Mx.,DDS,08-05-15,(316)996-8302x8746,millertarayahoo.com,9541 Katrina Garden,New Michellehaven,MN,20604,20-12-19 00:12:00
45,72789d75-97f0-4fcf-9c35-1dc942260a44,Joshua,Mary,Robinson,Dr.,MD,85-10-21,102-599-7187x656,wilsoncatherinegmail.com,63044 Wilson Highway,Christinaborough,VA,71505,21-01-18 00:01:00
46,8d5f52c0-83f0-4a77-96b8-002a0f424ffa,Alexis,Rebecca,Weiss,Dr.,MD,18-12-29,+1-861-491-8192x708,michaelgranthotmail.com,363 Bailey Grove,Terriside,ID,28821,20-12-19 00:12:00
47,20e30a4d-fbce-4cd0-9050-f32cd4062cce,Joshua,Elizabeth,Hammond,Mr.,MD,01-08-12,019-041-2438x85716,lmartinez3yahoo.com,64000 Jones Shore Suite 584,Port Jeanettehaven,DC,34523,21-02-08 00:02:00
48,6b291a13-637c-4644-8934-5ce70e5bc44c,Juan,Jeremiah,Tapia,Mx.,DDS,63-02-18,(280)376-0314x122,wsmith2yahoo.com,4466 Terry Centers,Lake Olivia,NC,47333,20-09-08 00:09:00
49,cc869dea-38a7-4c54-a6b1-caba3fccb2c1,Kevin,Dustin,Arnold,Ms.,II,03-09-16,(238)292-3840x73062,nwagner2yahoo.com,80103 Cole Harbor,Dudleyfurt,KS,95684,20-07-21 00:07:00
50,96062930-2860-4311-8315-d334e47c98ea,John,Jason,Williams,Mr.,DDS,39-05-13,298.409.2555x484,andrewroman6gmail.com,7274 Bailey Route Suite 696,Emilyshire,IA,25248,20-12-06 00:12:00
51,2adb6a67-83ad-4758-83e1-592e3765002d,William,Lindsey,Holmes,Dr.,PhD,93-08-05,546.478.0347x1039,foleytiffanygmail.com,259 Smith Shoals,North Cathyburgh,ME,31451,20-11-21 00:11:00
52,5cffc96e-bd03-481f-bff3-5029d2bddb3b,Michele,Christopher,Reynolds,Mr.,Jr.,77-11-02,536-352-2729x986,rebeccabrownhotmail.com,164 Schultz Road,Lake Bryan,DC,41935,21-03-04 00:03:00
53,fa2225d7-7c6d-4ae1-863e-4336bf3cfe56,Timothy,Roberta,Adams,Mx.,PhD,75-03-21,869-762-9621x912,uphillips5gmail.com,58810 Cathy Trail Apt. 166,Blackwellmouth,RI,18908,20-07-25 00:07:00
54,9446d493-a4d6-4e54-a45c-c176b3f175d0,Kara,Jeffrey,Clark,Mr.,MD,04-12-25,001-466-807-8282x392,raykeithyahoo.com,008 Nancy Route Suite 228,North Stephanie,AL,97539,21-05-06 00:05:00
55,548c3ec4-2536-4ca8-966a-45e952c51809,Beth,Bryan,Watson,Mrs.,MD,78-05-20,115.766.8786x81326,eddie12gmail.com,911 Cunningham Knoll Suite 695,Huntbury,WA,66322,20-07-06 00:07:00
56,fa29559d-c81a-48a6-a245-b749b9a6edc1,Michael,Laura,Smith,Mx.,MD,89-09-20,808.810.9505,matthewtuckeryahoo.com,752 Kathleen Neck,Port Paul,LA,90278,21-05-29 00:05:00
57,e9e4f06c-3689-4df9-bbd3-7c4b948c52c8,Anthony,Shawn,Dean,Mx.,MD,50-01-31,(928)663-5643x34389,sheri39yahoo.com,24828 Patricia Mission Suite 329,Catherineland,ND,65608,21-06-08 00:06:00
58,45ffa36b-63c2-423d-8b32-bc8635d5870d,William,Michael,Russell,Mx.,DVM,87-09-01,(871)484-7656,boyerdarin3gmail.com,874 Farrell Orchard Suite 311,New Veronicashire,NY,43876,21-04-02 00:04:00
59,188417d8-fe9f-4ff6-98bc-2c7ad112460c,Rachel,Jimmy,Williams,Dr.,MD,85-07-07,(299)834-4229x3223,tyler424hotmail.com,62390 Medina Neck,Port Lisa,KY,11191,21-06-05 00:06:00
60,da344d17-9e31-41f9-b30c-c272b86137c3,Hayley,Joshua,George,Mr.,PhD,06-03-27,001-062-278-0853,stephenbeckyahoo.com,315 Nelson Plain Suite 348,Jonesfurt,DE,77833,21-06-09 00:06:00
61,da3f22d1-8454-44a1-985f-6df3a6d5eb2e,Dillon,Monica,Herman,Mr.,MD,29-08-26,001-147-568-0566x8289,dianatorres4yahoo.com,61186 William Mountain Apt. 033,North Carmen,MT,09631,21-06-01 00:06:00
62,86901942-366e-4cca-8c47-9390d41cc2bc,James,Travis,Lee,Mr.,Jr.,83-12-25,969.647.9055x30373,margaretthomas2yahoo.com,465 Wiley Corners Apt. 759,East Michellechester,IA,02837,20-12-27 00:12:00
63,d836ba33-8467-46ce-a4db-ac94486cf4d6,Cynthia,Jocelyn,Thomas,Mx.,DDS,54-05-27,348.666.0271,crystal286gmail.com,296 Figueroa Crescent,East Scott,ND,56051,21-06-20 00:06:00
64,4c8349bc-09ce-40ea-96ca-df412df1fe3f,Karen,Ashley,Fleming,Dr.,MD,76-04-21,0917494862,colleensheltonhotmail.com,303 Jasmine Spring Apt. 299,North Daniel,CT,35829,21-02-18 00:02:00
65,420a746a-c7b2-495e-93c3-150d77c3f04f,Beth,Victoria,Erickson,Dr.,MD,50-10-11,660-433-1923x837,terri04yahoo.com,986 Kenneth Mills Suite 344,West Dustintown,MS,84822,20-12-12 00:12:00
66,c5731c99-c6d8-4ceb-a1ac-dd490d4ddaab,Justin,Christy,Coleman,Dr.,MD,27-04-18,4164377486,charlotteadamsgmail.com,4106 Morris Stravenue,West Robert,DC,84514,20-08-09 00:08:00
67,b894cf22-c2dc-4456-9b84-7a843ffd9bf2,Rhonda,Scott,Mcdaniel,Mrs.,MD,84-12-19,187-210-8673,gwalshyahoo.com,244 Angela Springs Suite 020,West Karenmouth,ID,32320,20-11-14 00:11:00
68,7612c7e8-924d-4ea9-ab61-6040e1abfa8b,Jose,George,Cole,Mr.,MD,33-09-30,818-411-8940x3127,gabrielscotthotmail.com,908 Smith Crossing Apt. 416,West Jennifer,IN,61202,21-02-27 00:02:00
69,d641ba41-8f4b-4bf7-8132-a1c998369a99,Micheal,Ronald,Drake,Mx.,II,52-09-04,577.454.2237x50579,emma01yahoo.com,9582 Travis Mountain,Richardsonborough,OK,27243,20-07-18 00:07:00
70,a8e19b83-21ab-4e3d-bdf4-ff097d87d793,Christopher,April,Powers,Mx.,MD,63-09-26,8750394678,caleb017yahoo.com,347 Spencer Road Suite 472,Craigchester,MO,94106,21-06-14 00:06:00
71,c46cecaa-fdb6-4e50-a4e7-f883f9576ac4,Mary,Brenda,Burke,Ms.,MD,85-03-15,+1-250-677-4135x3609,eric71gmail.com,20866 Keith Mill,Susanton,GA,63262,20-08-22 00:08:00
72,a934abd1-1b4a-4dce-a56b-3b1de54e4a17,Darryl,Lisa,Campbell,Mrs.,MD,41-11-03,710-437-4836x16001,adrian40gmail.com,92719 Andrew Summit,Port Craig,UT,09062,21-02-12 00:02:00
73,33a70c3d-1da5-4563-a939-e190c6f1c3ad,Lori,Sarah,Reynolds,Mr.,DVM,04-06-08,(812)568-2180,clintonmoody9yahoo.com,986 Allen Square Apt. 296,Jillstad,NY,49476,20-06-30 00:06:00
74,41ff6f63-24a3-4635-8051-3063020aca12,Joy,Heather,Delgado,Mr.,PhD,96-03-16,(442)025-5318,qthomasyahoo.com,356 Susan Trail,Grantton,RI,44018,20-09-19 00:09:00
75,c1d8f799-f760-47bb-88a3-b1e364e26c6f,Robert,Joseph,Marsh,Mrs.,DDS,51-01-22,+1-604-324-5812x7399,russelllisahotmail.com,09252 Young Plaza Apt. 083,Liumouth,OR,81644,20-10-30 00:10:00
76,5d7ee6e3-58bd-4490-926c-34f8f6b1557e,Dave,Latoya,Barnes,Mr.,DDS,05-05-06,+1-690-397-6622x6673,bryan293gmail.com,42648 Flores Stream,Henryville,KS,79832,20-10-22 00:10:00
77,48ef09a4-b8c0-4ce8-80a0-864341cb57da,Nicholas,Willie,Porter,Ind.,II,42-07-12,001-600-681-4007x6858,jwarren3hotmail.com,534 Jones Court,Port Catherine,RI,17371,21-06-19 00:06:00
78,70b2b64a-d894-484e-90ce-44f47f4265af,Michelle,Tina,Burns,Mrs.,MD,35-12-21,001-058-468-9142x82215,bradleyburnsgmail.com,792 Miller Knolls,South Roberta,AZ,43733,20-08-01 00:08:00
79,ad5a14c7-9fce-4337-99c6-13bae1bd8bab,Daniel,Diane,Davies,Mrs.,DDS,70-02-16,(631)647-6762x6363,charles275yahoo.com,3272 Pratt Parks Apt. 189,Danielburgh,CO,87131,20-10-22 00:10:00
80,5b33ffa8-ef61-4b13-85b6-227129c5de2a,Elaine,Yolanda,Rodriguez,Dr.,MD,05-09-05,422.827.3184,williamsjulie8yahoo.com,201 Crystal Village,Lawsonville,LA,11227,21-01-31 00:01:00
81,da77a75f-3787-4036-9983-fc5a94a2e84d,Julie,Kevin,Mckenzie,Mr.,III,51-06-09,+1-264-221-3857x1586,stephen02yahoo.com,31276 Michael Fork Apt. 523,New Amy,SD,65588,21-05-22 00:05:00
82,a3328206-f963-4ee1-96f9-012957edb96b,Melissa,Rachel,Odom,Dr.,DDS,90-02-03,(438)814-7210,hmoreno7hotmail.com,535 Thomas Stravenue Apt. 720,New Melissaberg,VI,14838,20-07-13 00:07:00
83,aae0a764-4fd4-4443-a84b-60ec5235fb42,James,Bryan,Williams,Dr.,DVM,93-11-11,956.360.9390x70623,rileydavid5yahoo.com,8675 Black Hollow Suite 856,Sarahview,TX,02371,20-09-13 00:09:00
84,77887200-b6bd-48d6-a8c2-215dd739bb9e,Karen,Richard,Stevenson,Mx.,MD,28-09-21,+1-314-882-9271x736,darrenmcmillanhotmail.com,192 Anna Rue,Michaelville,MS,64502,20-08-09 00:08:00
85,85b3a01e-e414-4592-92ce-51fd55ed6029,James,Jeffrey,Harper,Miss,Jr.,18-06-24,001-322-445-2758x1160,lopezryan7gmail.com,1797 Sanchez Well,West Martinland,OH,36687,20-12-16 00:12:00
86,9ed03a7e-cfc8-4b4e-8ab6-8ee401975d43,Connie,Melissa,Navarro,Mx.,MD,99-10-31,647-406-0712,mark921yahoo.com,60429 Christian Way Suite 826,Davidside,MN,77948,20-08-26 00:08:00
87,3e078fa7-17c9-4c2e-951a-3787d03e6d92,Daniel,Timothy,Strong,Dr.,DDS,56-09-04,459-478-0476x37089,zritteryahoo.com,2243 Michael Lane Apt. 449,Port Richard,SD,10679,21-05-07 00:05:00
88,69664373-63ec-419a-ad36-96ce2f914af5,Christian,Erica,Wright,Mr.,MD,81-05-27,001-912-299-9074x380,pjonesgmail.com,3849 Edward Vista,New Matthewport,ND,30147,21-02-02 00:02:00
89,69a0b955-92ec-451d-831e-3c424dc557e2,Michael,Mark,Ramirez,Dr.,DDS,53-05-25,0960636974,thompsonashleyhotmail.com,012 Reyes Extensions,Lake Amy,AK,05860,20-11-22 00:11:00
90,2bd11b15-4871-4831-90fc-e12b67c6e2b2,Megan,Anthony,Flores,Ms.,PhD,86-07-27,067.803.5729,jasongonzalez6yahoo.com,29640 Salinas Creek Suite 263,Gillberg,OH,83316,20-12-10 00:12:00
91,d05366cc-b051-460d-9f78-e41ee237056f,Michael,Brandon,Jensen,Mr.,DDS,83-04-17,001-181-224-0512x9892,wscottyahoo.com,379 Chan Wall,Port Johnview,ID,44701,21-03-07 00:03:00
92,44a1d4d0-d6df-4c21-b1c2-ed561ae3237f,Travis,Mariah,Brown,Miss,MD,51-10-28,333.618.4256,wileyelizabeth2hotmail.com,384 Rachel Cove Suite 852,Port David,VT,97386,21-04-12 00:04:00
93,e645eef2-7c6d-47e3-ac89-41bd4b7118ac,Kelly,Shelby,Sweeney,Ind.,Jr.,31-09-16,(645)127-5821x767,lorraine471gmail.com,179 Carlos Creek Suite 341,Mcmahonshire,LA,71436,21-06-10 00:06:00
94,677e0399-0c8d-479b-90e7-9b9407f819db,Valerie,Robert,Richardson,Mr.,Jr.,21-05-09,+1-924-578-3629,teresawhitehotmail.com,18593 Jessica Points Apt. 789,Mitchellland,IL,05918,21-02-23 00:02:00
95,83204469-4249-4187-a76b-94a1ecd2742d,Jennifer,Jeffrey,Chapman,Mrs.,DDS,14-07-06,201.745.4705x535,tiffany639gmail.com,9081 Johnson Divide Apt. 208,Tamarastad,IA,74587,20-07-24 00:07:00
96,6ed4e645-aaed-4b53-b917-5ae8c38efb8c,Logan,Cynthia,Fuller,Mr.,DDS,57-05-29,270.202.9015,contrerasmichelle5yahoo.com,857 John Streets Apt. 312,North Carolineland,OR,95728,21-04-30 00:04:00
97,a681dd8c-7402-44c3-af06-67649d672b49,Shannon,Alexis,Jensen,Ind.,DDS,34-02-26,(948)469-8079,sarabaker2hotmail.com,484 Griffin Radial Suite 516,Juliaville,UT,43634,21-05-11 00:05:00
98,32476a22-8ea7-4cf1-9aff-2f2596bead62,Ashley,Elizabeth,Giles,Mr.,MD,75-10-25,+1-073-484-4369x77450,daniel125yahoo.com,9328 Owens Mountains Apt. 128,Port Johnmouth,MN,07975,20-11-18 00:11:00
99,f89ed0ff-2c8c-43fc-9759-b929ab9873c4,Justin,Thomas,Fernandez,Mrs.,PhD,90-10-13,150-792-5944x70723,tammy107yahoo.com,0074 Heather Mountain,Lake Katrinafurt,OH,07808,20-10-02 00:10:00
100,02af87f5-0ef2-4e43-a31e-58b01acd3824,Jonathan,Alicia,Hampton,Mx.,MD,85-01-03,453-083-7806x50831,anthonyquinnyahoo.com,787 White Greens,North Michael,TN,39235,21-05-17 00:05:00
101,a05206d2-5774-48f0-bc73-00c9d918cda4,Joshua,Peter,Brown,Dr.,DVM,86-12-10,920-082-9212x28266,woodmaxhotmail.com,055 Miller Ports,Michaelchester,ID,47804,21-01-31 00:01:00
102,367a120c-267a-4ae2-8cc0-ae2d4097c094,Mary,Jacob,Taylor,Dr.,MD,84-10-13,+1-919-254-7472,gbarnesyahoo.com,57155 Booth Knoll Apt. 633,New Steve,PA,56456,21-03-04 00:03:00
103,3e85bc2a-b409-4a99-962c-d344cbbce468,Kathy,Michael,Johnson,Dr.,PhD,18-05-14,6493609369,frandall7hotmail.com,42251 Moore Ways Suite 324,South Kristinamouth,NJ,46130,21-01-05 00:01:00
104,914d277e-4ff0-484c-b813-7f83c17fe224,Martha,Travis,Taylor,Mr.,DDS,05-03-20,039.624.9832,qcunningham6hotmail.com,209 Sandoval Manors Suite 424,Greenbury,WV,61048,21-05-01 00:05:00
105,b157fce1-33b9-426d-b25d-cd20ee526cf5,Ian,Kathryn,Bryant,Dr.,MD,77-02-24,614-422-3422x5399,brianmartinez5yahoo.com,49516 Cook Ranch,Melissaside,OH,07916,20-07-03 00:07:00
106,9b7f3e1b-6c95-4ddd-ba85-eeec576b3230,Timothy,Louis,Caldwell,Mr.,DVM,16-11-08,001-485-200-2650,lisa899hotmail.com,98335 Thomas Wells,North Danaborough,MT,75226,21-03-18 00:03:00
107,350a2abc-695d-4d5a-9da8-f429a54b260f,Matthew,Dakota,Swanson,Mr.,DDS,28-10-07,663.308.4638,burnettchristina5hotmail.com,9390 Joseph Row,Port Benjaminmouth,MA,15509,21-02-18 00:02:00
108,190be786-fe27-4780-b7b2-b3d74873d80b,John,Kristin,Mccormick,Mr.,MD,49-08-30,232.090.7788,rogerwrighthotmail.com,41773 Green Neck Apt. 729,Port Ashley,MI,56863,20-10-01 00:10:00
109,b999c75c-2181-4e78-aaca-8ff863fdedb4,Candace,Tracy,Yates,Dr.,PhD,43-02-10,4736349505,simmonsjessicagmail.com,69475 Rachel Light,South Joshuaton,WI,44937,20-07-09 00:07:00
110,cdeb0960-a754-4bad-995a-ef240ffefecd,Emily,Elizabeth,Oliver,Dr.,MD,18-11-05,001-803-996-4112,royangela5gmail.com,08871 David Spurs Suite 133,East Ryanfort,MT,34098,21-02-13 00:02:00
111,09748216-8ca5-4731-b124-3f80cfedf631,Andrea,Heidi,Myers,Mx.,PhD,12-01-15,697-796-5831x4883,sandy435hotmail.com,5531 Evans Cove Apt. 682,Jasonmouth,IA,36490,21-01-11 00:01:00
112,dcf86eb1-6478-4378-9d53-1aa7f032172d,Carl,Stephanie,Gonzales,Dr.,Jr.,76-10-20,406-630-9206x656,ewilliamshotmail.com,29832 Coleman Parkways,Sarahfort,IA,84106,20-07-21 00:07:00
113,318f7ba9-9ec8-4478-a5a6-5b8f44f773bc,John,Alexander,Love,Mrs.,MD,57-05-01,920.208.6515x078,jonathanbennett8yahoo.com,18818 Courtney Station,Morrisbury,VA,78797,20-07-15 00:07:00
114,fd64bfa1-ac98-4681-b509-203a5192bcb8,Joshua,Christopher,Mccarthy,Ind.,Jr.,08-08-05,546.208.2263x4989,brownandrew5hotmail.com,944 Gamble Curve Apt. 781,East Frankchester,IL,71152,20-09-27 00:09:00
115,5a9ba498-a064-4f1b-9a1e-e0f6b973e941,Jonathan,Nancy,Smith,Dr.,DDS,20-08-06,001-671-172-6268,cooperjoshuagmail.com,593 Martha Mills Suite 288,Lake Jamesport,OH,27504,20-10-02 00:10:00
116,b1f2dfcc-5dcf-4f61-8371-eb470e1ee981,Jessica,Patrick,Johnson,Mx.,MD,05-11-29,6680215634,kmasongmail.com,06645 William Throughway Apt. 999,Port Travisbury,IL,37328,20-08-23 00:08:00
117,3b4590c6-7380-427c-af25-a8cdde699e1e,Bradley,Wanda,Foster,Miss,Jr.,44-09-12,001-409-347-6195x175,christinewilliams8gmail.com,4101 Savage Park,South Lorraine,TN,96010,20-11-26 00:11:00
118,29377d76-f11f-482f-b907-f04684eb42d3,Eric,Adam,Gibson,Miss,MD,05-03-09,(199)579-3760,johncarter1yahoo.com,74785 Harvey Run Suite 367,Scottberg,WA,90871,20-12-26 00:12:00
119,41d1c954-107a-44af-9c72-4d49e375d8af,Deborah,Jason,Taylor,Ind.,Jr.,04-10-10,8987874206,kevin00gmail.com,106 Carlson Crescent Suite 027,North Andrewberg,NV,21285,21-06-03 00:06:00
120,a4031a4c-3d38-4383-b78f-f0c0d0506f58,Jeffery,Amber,Smith,Mrs.,DDS,13-11-15,+1-900-364-0741x82155,melaniegregoryhotmail.com,322 Jones Heights Suite 684,North Nathan,MO,16295,21-05-06 00:05:00
121,d0b2ce17-2fb4-4b36-ab79-098cf715eeb2,Brandon,Shelley,Johnson,Dr.,MD,05-03-04,300-003-5114x47016,josephwintershotmail.com,155 Lowery Center,South Kellystad,KY,01429,20-08-14 00:08:00
122,3458596e-3872-4121-95e0-637c7d490adf,Charles,Michael,Guerrero,Mr.,II,80-10-09,486-053-7993,cwagner6gmail.com,990 Goodwin Rue Apt. 566,Johnstad,MS,51331,21-03-23 00:03:00
123,b5e3cfbd-483b-4b7f-a2b1-c6c98f2fbda2,Lori,Elizabeth,Conner,Dr.,Jr.,12-02-05,611-989-0522x57654,tammy62yahoo.com,68551 Sarah Squares Apt. 553,Lake Samanthastad,PR,06839,20-07-28 00:07:00
124,a2bbb49e-df72-45b5-b01b-0592b2c6fc80,Theresa,Morgan,Carr,Mr.,II,33-05-06,935.504.4059,cooperrobert9hotmail.com,778 Smith Brooks,South Toddtown,IA,69498,20-07-14 00:07:00
125,60f71863-ebc2-45a2-9bdc-ac93ac8d4df5,Cory,David,Woods,Dr.,MD,77-10-13,9329272730,conradthomas5yahoo.com,9981 Barbara Run Apt. 777,Rogerton,AZ,96563,21-06-18 00:06:00
126,61dbbd36-53ce-4a74-bc84-9a73f149e41e,Todd,Catherine,Johnson,Dr.,DDS,31-12-02,001-248-826-9146x319,lori262hotmail.com,5565 Powers Avenue Apt. 753,West Alexanderchester,IL,77372,20-12-04 00:12:00
127,a6838380-ef5d-4e2b-bf93-c895fc14b7ea,Crystal,Jessica,Schneider,Mrs.,II,46-01-10,341-323-9654,johnmeyergmail.com,910 Bridges Stream Suite 388,Lake Melanie,TN,45172,20-10-18 00:10:00
128,52db5c19-c61a-423b-af5a-140222c87827,Richard,Jean,Bell,Dr.,MD,33-12-17,667-057-5057x571,deckermichele7yahoo.com,715 Beltran Loop Apt. 685,West Kimtown,OR,62149,21-01-03 00:01:00
129,af3aff3c-386f-491a-acf8-1cbf9cd92293,Jennifer,Tanya,Robertson,Mx.,PhD,98-09-20,861-804-5507,williamsmith5hotmail.com,9834 John Flats Suite 334,Jacobshire,UT,43223,20-08-18 00:08:00
130,31920482-626a-4f3e-89ce-779910160550,Kathleen,Maria,Munoz,Dr.,DDS,89-03-14,143-005-1744,obennett9hotmail.com,565 Amanda Trail,New Thomas,OR,50918,21-01-12 00:01:00
131,88ace67d-4446-4000-8c4c-171759b5b7a3,Edward,Derrick,Mullen,Mr.,DDS,93-05-08,856.851.8970,amyjenkins9yahoo.com,15684 Trevor Extensions,Abigailfort,WV,48240,20-07-30 00:07:00
132,0079a59f-b90f-4320-a2a3-cbd5d5c05774,Matthew,Michael,Hernandez,Mrs.,MD,72-09-06,+1-482-291-3827x0185,ronald319yahoo.com,997 Johnson Plain,Wilsonside,VT,39690,21-05-24 00:05:00
133,9d22c886-1a4b-4ee6-a9b3-cd98e6b30412,Kristina,Bob,Frank,Dr.,PhD,51-10-06,365.805.5973x7699,russell731gmail.com,70212 Erin Creek,Port Ronniehaven,AK,21633,20-11-15 00:11:00
134,dcb5fe02-6bc0-42e0-9e7c-6252291b91a7,Matthew,Kathleen,Lowe,Mr.,MD,19-08-24,+1-191-024-7982,vanessa49hotmail.com,2725 John Summit Suite 760,New Kylie,LA,13398,21-05-07 00:05:00
135,2650b124-08ad-44a2-adaa-3c860c2ed22d,Jason,Renee,Jones,Mr.,MD,96-02-01,341.576.5900x1997,cgonzalezhotmail.com,03584 Stacey Lakes Apt. 335,New Jenniferton,CO,29213,21-04-29 00:04:00
136,1b2fd815-b8e3-4a6b-990e-a4305ab13bc1,Amanda,Joshua,Gonzalez,Mr.,MD,85-06-29,882-159-2146,tara21hotmail.com,4012 Stephenson Greens,North Daniel,ID,81599,21-01-04 00:01:00
137,73e3cabd-21a5-423f-b8dd-43bd3f97f4f8,James,Morgan,Hanson,Dr.,DDS,05-08-29,(992)926-5883x35397,hamptonterri1hotmail.com,52057 Angela Ridge Suite 498,East Elizabeth,NJ,15619,21-03-20 00:03:00
138,4a4598fe-723a-4c1b-b4bb-a371b6608cf3,Brittany,Shelly,Smith,Mx.,Jr.,86-04-23,7021044111,lindseylynch6hotmail.com,89764 John Keys Suite 263,Browntown,KY,79820,21-01-19 00:01:00
139,26d5d10d-4c84-4f3f-9842-fc4436aba819,Caitlin,Alexander,Morales,Mrs.,DDS,67-01-28,+1-239-546-8187x344,kirkbarbara4hotmail.com,8446 Rodriguez Club Suite 323,Michellehaven,NV,85186,20-12-10 00:12:00
140,c7175f90-ec3f-421d-9e53-feafb3befece,Robert,Kimberly,Wallace,Mrs.,DDS,47-08-25,001-100-138-6581,webbjenniferyahoo.com,875 Martinez Plains Apt. 079,East Tamara,IN,89369,20-07-05 00:07:00
141,563f4643-62d6-4c9d-9c17-0895489594ed,Tammy,Michael,Vargas,Mrs.,II,56-04-30,715.492.4038x443,ellisstephanie3yahoo.com,103 Michael Way Apt. 553,Jameshaven,VI,07670,21-03-10 00:03:00
142,632b16d2-4a14-4e4a-81b1-ea6a60e48300,Joseph,Connie,Smith,Dr.,II,81-09-28,8299422970,tlarsonhotmail.com,33224 Torres Hill Apt. 532,Mendozaburgh,NY,29673,21-04-14 00:04:00
143,fdc7cb19-46f2-48d8-a3a0-81a26e323ff4,Jeffery,Deborah,Ford,Mr.,MD,04-08-12,904.980.7906,anthonyharpergmail.com,5046 Nicholas Street,Karenbury,GA,79485,20-12-11 00:12:00
144,5066efdf-627e-4bdb-a188-bdf5d2c9ecef,Madison,Amanda,Mclaughlin,Mx.,MD,21-04-04,(483)856-9515,jsmith5gmail.com,25583 Brittany Vista,New Tracy,MN,23322,20-11-22 00:11:00
145,d24a8ab9-3407-4473-bede-b19d78020e02,Seth,Patrick,Turner,Mr.,MD,61-12-01,+1-451-123-7820x728,pandersongmail.com,5745 Morris Hollow,Clayfort,PR,84378,20-10-23 00:10:00
146,6e672952-c910-4581-99bc-ecf496cbeeb3,Clinton,Julie,Parks,Mr.,PhD,38-06-01,1814664570,joshuacowan6yahoo.com,10592 Nicole Hollow,Nicolebury,SC,68132,21-04-28 00:04:00
147,36fb2262-8d82-48ae-a528-651052806162,Madeline,Dillon,West,Dr.,Jr.,41-05-27,001-655-465-3062x5123,timothyrichards9yahoo.com,861 Lori Mount,Paynemouth,OH,29937,20-07-09 00:07:00
148,46695f55-055c-44dd-a478-10a6d368e0d6,Cheryl,Heather,Robinson,Mr.,MD,86-07-06,220.319.0391x10332,matthewroseyahoo.com,156 William Center Apt. 044,Port Nicoleville,MN,46729,20-10-10 00:10:00
149,6d0e08d4-a819-4751-b438-09262bec2a52,Karen,Debra,Doyle,Mr.,MD,75-09-28,882.010.7235x901,linda45yahoo.com,048 Perry Island Suite 400,Cortezville,SD,04770,20-09-11 00:09:00
150,a0c5f329-1ea2-47d4-ba1e-1faa400a67fc,April,Sarah,Lee,Mrs.,DVM,70-07-25,+1-963-303-5243x086,nfernandez2gmail.com,50218 Daniel Causeway,East Nicholasport,AK,58318,20-07-31 00:07:00
151,9bd14023-ba16-4bd7-9b6e-9d9f30cee367,William,Alexander,Hall,Mr.,DVM,86-07-03,+1-289-651-2182x720,phillipsdavid8yahoo.com,9867 Faulkner Forges,Rodriguezfurt,ID,16500,21-04-06 00:04:00
152,a6bda493-a18b-420e-904e-d07f5d29a600,Denise,John,Hopkins,Mx.,Jr.,03-02-03,(533)561-0764x46946,courtneysmithgmail.com,587 Davila Flats Suite 058,Whitneymouth,OK,79177,20-11-25 00:11:00
153,f189d067-d496-4cb2-80da-fcb091fc14b4,Carolyn,Daniel,Thompson,Mr.,DDS,78-11-06,(429)146-4690x7384,alexanderlawson2hotmail.com,565 Kirby Island Apt. 019,Rodriguezmouth,RI,29288,20-11-01 00:11:00
154,590b57d9-b56a-4ae6-b7fa-36fc5587e3c5,Mike,Larry,Miller,Dr.,DDS,92-03-09,269-639-1347x2424,smithmichaelhotmail.com,042 Robinson Isle Apt. 147,Torresstad,OR,71702,20-09-02 00:09:00
155,203da639-1e0e-4ffd-8646-af961749300a,Richard,Christopher,Daniels,Dr.,DVM,28-02-18,001-763-544-5243x146,umorgangmail.com,73954 Derek Avenue,Seanshire,ME,92474,21-02-20 00:02:00
156,2dcd198b-543b-423c-9267-1669e40783b7,Diane,Alexis,Phillips,Mr.,PhD,96-10-13,001-710-763-4297x715,tcolon8yahoo.com,411 Sydney Gateway Suite 719,Masseytown,ND,23866,20-08-16 00:08:00
157,a82c84ab-ef10-437f-8ba9-3005c4022537,Robert,Ann,Rivera,Mx.,MD,28-07-13,527-125-0144,samantha939yahoo.com,6914 Fernandez Light,Kennethmouth,TX,30044,20-10-12 00:10:00
158,ceb4d20e-3d0d-4b35-854e-5126795300f7,Andrew,Andrew,Henderson,Dr.,PhD,18-10-29,742-645-4669x8497,oallen5gmail.com,92244 Rodriguez Creek,East Wendyshire,TX,42177,21-01-13 00:01:00
159,9a46f117-4437-4933-8b83-a6e8fef5a551,Denise,Ronald,Wilson,Miss,II,48-03-09,(000)310-7143,jennifer62gmail.com,3089 Carroll Park Apt. 698,East Autumnburgh,MD,81949,20-08-23 00:08:00
160,d3901a57-e545-4672-a955-c5439ccb8846,Lori,Danielle,Henderson,Mrs.,MD,62-03-21,371.097.8055x57949,browncarlosyahoo.com,311 Austin Mews Suite 189,North Jillbury,CO,56196,20-08-11 00:08:00
161,beab03f3-97b7-4fc7-85fe-5c77b4e0bc15,Chelsea,Meredith,Jones,Mr.,DVM,76-08-12,872.795.3214,qblackwellhotmail.com,67926 Ann Alley Apt. 895,Port Davidhaven,CT,29398,21-03-22 00:03:00
162,f66ae1d6-e484-448e-b8ea-f989b44d88b5,Franklin,Nathan,Jones,Dr.,DDS,69-07-14,+1-645-244-6533x362,wproctorgmail.com,5904 Makayla Dale,Lake Gabrielborough,MN,60891,21-06-19 00:06:00
163,20c5716a-876a-416f-ba5b-dc386c78f197,Kathy,Madison,Olson,Dr.,DDS,86-11-29,6203963706,greenbrent1yahoo.com,29575 Christopher Radial Apt. 164,North Matthew,MA,63168,21-01-23 00:01:00
164,3b10563a-3138-4027-8c28-6cd46461d43b,Peter,Chad,Washington,Mr.,Jr.,47-07-06,+1-821-796-6200x117,jonesphilipyahoo.com,851 Wise Brooks Suite 006,Adamshire,MI,24857,20-09-24 00:09:00
165,2f7b266e-ec1f-4385-bcf9-9d2cc4851fc2,William,Caitlin,Martin,Miss,MD,42-04-06,(132)147-7502,michaelwright3gmail.com,4591 Nelson Locks,Nicholasmouth,ID,69480,21-06-10 00:06:00
166,7d3c5d71-b418-47e1-a97d-aee14dd15ed3,Melanie,Monica,Williams,Dr.,DVM,26-10-05,+1-974-630-2842x649,andrew516hotmail.com,938 Jon Passage Apt. 583,Mauricefurt,MI,71443,20-11-16 00:11:00
167,aa02f76e-549c-447e-9209-308edf7a78a6,Ryan,Kelly,Hall,Misc.,DVM,51-12-21,287.814.3214x580,william022yahoo.com,3400 Ryan Springs,Michelletown,NY,80213,20-06-22 00:06:00
168,3d867dc8-634c-416e-93d8-7e8ef437109d,Steven,Emily,Guerra,Dr.,MD,36-06-18,(114)152-6113x12338,michelle834hotmail.com,1397 Chad Key,New Meganburgh,IL,02843,21-01-15 00:01:00
169,f1bd04e4-c8a9-412b-b335-3fe7a615afc0,Taylor,Kara,Gilbert,Dr.,PhD,36-04-22,(295)882-7137x5796,gregory07yahoo.com,058 Horn View,Deleonborough,SD,06967,20-11-12 00:11:00
170,582a4726-4283-43fd-a38a-aa3863a7e79a,Alison,Matthew,Taylor,Mr.,MD,53-04-02,(159)268-4452x9013,odavis3yahoo.com,388 Lopez Squares Apt. 778,Victoriahaven,VI,92298,20-07-04 00:07:00
171,b4705892-10c2-4883-aa16-813835cfb04b,Megan,Nicholas,Sanders,Mx.,DVM,25-01-11,(429)271-9599,amandalynchyahoo.com,166 Rivera Port Suite 671,South Timothy,HI,28585,21-04-05 00:04:00
172,facff0be-1cc3-406a-b457-cb7b2c3996ae,Crystal,Jane,Bailey,Ind.,DDS,65-09-14,386.720.9844,bauertravisyahoo.com,0877 Rios Mountains Suite 849,North Christopherborough,IL,36401,21-02-26 00:02:00
173,fd99ff2c-50f0-4f57-a51e-940cd74a4e60,Diana,Meghan,Daniels,Mr.,Jr.,55-04-23,2467025914,patrickbarnett8yahoo.com,923 Woodard River Apt. 966,Lauraside,WY,53914,20-08-16 00:08:00
174,a6d79654-1460-48ab-a01c-e89d71760ea0,Haley,Patrick,Johnson,Ind.,MD,06-12-05,+1-049-009-3855x51894,cherrybrian2gmail.com,59390 Gardner Meadow Suite 671,South Jorgeville,MI,10215,20-12-29 00:12:00
175,8714501f-e3c8-49a6-95ad-61b9f0706a79,Ralph,Nicholas,Ferguson,Mr.,PhD,60-08-09,(009)252-7497x541,sonya707hotmail.com,3053 Jamie Turnpike Suite 420,Cobbstad,PR,60554,20-08-30 00:08:00
176,4bc10248-6815-4dd7-a780-16019430efd1,James,Ann,Adams,Misc.,DDS,00-12-02,001-961-630-3758x383,vmolinayahoo.com,24520 Martin Mountain,West Taylorport,MS,80748,20-12-06 00:12:00
177,6b6e3034-f521-4b7b-9088-a81b85b16cd4,Taylor,Kevin,Smith,Miss,DVM,83-05-27,001-765-592-5497,aprilharris3gmail.com,25879 Valerie Rapid Apt. 634,Lake Brittanytown,SD,84315,20-10-23 00:10:00
178,a49778e2-194c-455f-942c-5cebdc3d7675,James,Amy,Williams,Dr.,MD,81-05-20,583-386-2604,megan076yahoo.com,0903 Dustin Flats,Bullockmouth,CT,13695,21-02-26 00:02:00
179,a057b678-1572-45a6-90d2-b98b3def65bf,Harry,Amanda,Young,Ms.,Jr.,82-05-10,385.486.7190x61548,mercadobrandongmail.com,8058 Ashley Island,Port Emmaland,AR,13457,21-05-31 00:05:00
180,7ff6815e-523c-4ef4-ab00-2884ef1cc4d8,Peter,Hannah,Jimenez,Miss,MD,79-05-22,265-076-9257x73599,lowejeffreyhotmail.com,92673 Fritz Skyway,North Trevorton,AK,20909,21-03-18 00:03:00
181,c9dff09c-0d5d-416e-be6e-e166a528419a,Jeanne,Dennis,Hamilton,Mx.,MD,02-11-11,3128036879,dawsonalexandrayahoo.com,273 James Burgs Suite 616,South Renee,VT,71984,21-04-05 00:04:00
182,f4323273-2d43-4c7d-8fc6-99726c4862a4,Robin,Andrea,Bartlett,Dr.,DVM,05-04-18,508-746-9775,pwagner4gmail.com,4664 Martinez Garden,New Tyler,OH,72972,21-05-24 00:05:00
183,f418d36f-e5a6-4012-beb8-73a6a9ed0290,Vincent,Cheryl,Arnold,Mr.,DDS,99-01-01,918.326.9423,terri973yahoo.com,86330 Mindy Radial Suite 343,New Carrieland,NM,35786,21-01-17 00:01:00
184,5b5c84a5-07c6-4dbe-b785-ec6ffd2a8ffe,Nicholas,Scott,Brooks,Dr.,DDS,43-07-15,+1-459-400-5165,tloganyahoo.com,69312 Kevin Mountain,Jeremyton,NC,19443,21-04-29 00:04:00
185,f7695287-5a36-4197-9956-c9743a8d30e5,Rebecca,Mary,Hopkins,Mr.,MD,33-01-18,(606)061-7350x2787,csampsongmail.com,1018 Sarah Plains,Elizabethstad,AZ,28866,20-12-21 00:12:00
186,332748a6-9430-4f87-9218-36b88c5574cc,Kristine,Katherine,Parker,Dr.,DDS,37-10-22,(007)586-0080x281,tracybowershotmail.com,70202 Zamora Mountains,Lake Monicamouth,TN,70305,20-12-05 00:12:00
187,c27eb997-718c-4d39-9298-fe29a5d8bbec,Ashley,John,Adams,Mrs.,Jr.,01-11-23,940-333-7016x5170,shannon704yahoo.com,844 Stephanie Walk,South Tammyhaven,CA,46094,21-02-26 00:02:00
188,43bf6504-da11-42c9-83e6-ad9b9e7e0170,Russell,Shane,Ortiz,Mrs.,DVM,78-12-04,899.605.2684x05000,michaeljonesgmail.com,8846 Heather Park,South Carolyn,MI,23586,21-02-04 00:02:00
189,0030f3fb-01f7-4027-955c-7e9f7a793d3e,Joseph,Alicia,Payne,Dr.,MD,72-04-14,357.958.6846,justin91hotmail.com,6863 Nicholas Well,Lake Emilyfort,WY,32820,20-11-09 00:11:00
190,97182387-a6e5-4cbc-94a9-69fc892b9dc9,Christine,Jenna,Walker,Mrs.,MD,17-05-15,4113895327,wsaundersgmail.com,16762 Simpson Burg,West Mark,OR,86185,20-09-22 00:09:00
191,97111924-80d5-49d4-a28d-87fd2b74389d,Kenneth,Dalton,Price,Dr.,MD,41-06-08,(396)510-7031x419,ryan414hotmail.com,27186 William Path Apt. 732,Michelleburgh,PA,01048,21-03-19 00:03:00
192,6a65113d-6f94-4d84-8cb0-ff1bb6eb3b81,Megan,Brandon,Hart,Dr.,DVM,05-09-28,770.614.3963,garciasharonhotmail.com,15839 Peter Camp Apt. 121,Woodardborough,PR,22114,21-03-18 00:03:00
193,d0fa6c1f-4489-4b04-af8d-0979b51dc1de,Melissa,Melissa,Mcdaniel,Dr.,DVM,82-10-13,+1-133-662-9133,sharon64yahoo.com,6406 Adam Port,West Bradleyfurt,OH,81814,21-01-26 00:01:00
194,182e1a8e-7cf2-4fb9-a4a6-485fc3aebd36,Kristie,Christopher,Williams,Mrs.,PhD,05-06-28,133-758-5590,lprice6yahoo.com,33662 Miranda Shore,South Lisaborough,AK,54862,20-10-25 00:10:00
195,3dc51701-a76f-40a9-9db9-43222d85ceb2,Julia,Rhonda,Leonard,Mrs.,II,56-07-18,698-934-0294,marcus858hotmail.com,1355 Laura Camp,Zacharyville,MN,33448,21-01-28 00:01:00
196,15b5160f-0623-44ff-bb6d-40cea1218980,Vicki,Joshua,Gonzales,Dr.,DVM,78-05-27,929-118-3902,haley11gmail.com,48743 Kenneth Keys Apt. 675,Sherriberg,KS,30706,20-10-18 00:10:00
197,23f2da2d-4cc5-42e1-bc62-a7d0e42ea50a,John,Edward,Miller,Mr.,Jr.,37-03-20,+1-420-400-1445x66298,wheelerrobert8yahoo.com,6161 Griffin Expressway,Morrisonshire,MT,25588,20-08-14 00:08:00
198,eb8fca44-ed9a-49a2-846f-285629562672,Christopher,Pamela,Richardson,Dr.,DVM,86-10-14,5446879046,leeheather9gmail.com,61983 Joseph Courts,Ortegafurt,DE,59097,20-07-25 00:07:00
199,ce89ce20-ca95-43d2-84e8-b77703b267e2,Frank,Tyler,Lewis,Mrs.,Jr.,73-02-23,722.540.2417,rogerreeseyahoo.com,64991 Bell Corners Apt. 106,West Brittanyville,TN,21203,21-06-06 00:06:00
200,87f6dfaa-4ce3-4c63-beb6-a28254c5b27d,Patricia,Daniel,Stephens,Mrs.,PhD,25-04-03,5433470848,deandaniellegmail.com,27678 Kramer Stream Suite 714,South Danielleland,CO,46370,21-05-26 00:05:00
201,64954fe3-b1db-4b32-a274-0d4e159cebfc,Michelle,Robert,Cooper,Mrs.,Jr.,45-07-06,001-020-284-5694,mrobbins6yahoo.com,42438 Durham Vista,South Marymouth,MT,87806,20-11-29 00:11:00
202,360cdc9a-020c-4bc0-966e-e0a416a5b607,Kyle,Jerry,Wilkinson,Misc.,Jr.,56-11-07,(369)802-0092,joshua96gmail.com,43880 Haynes Pines,New Marcusside,CA,58995,20-12-27 00:12:00
203,eee13dc0-e1e4-49cf-8dba-6d8f7ab8572c,Audrey,Susan,Knight,Ind.,DDS,84-06-03,880-900-6967,andrewsmithhotmail.com,191 Baxter Lodge Apt. 430,South Andrea,TX,49610,21-03-11 00:03:00
204,65d6d7c1-24b4-4aaf-ab3a-1d340e722efa,Sarah,Stephen,Garcia,Mrs.,Jr.,84-02-17,+1-253-805-6603x15278,josephkimberly8yahoo.com,82737 Ronald Parkways,Port Stevenborough,NM,09907,20-08-11 00:08:00
205,e76419b8-e79a-48b5-92ef-181c62ada603,Daniel,Monica,Hines,Miss,Jr.,03-08-01,663.251.0435x123,sbrowngmail.com,168 Lisa Ridges Apt. 131,Ballshire,VA,76228,21-04-13 00:04:00
206,675a4db5-e29c-425a-89ea-6052d324424d,Louis,Jacqueline,Sandoval,Ms.,DDS,13-01-10,044-324-3813x376,huangwilliamgmail.com,8837 Gonzalez Circles,Denniston,NE,36581,21-05-22 00:05:00
207,d64d4745-8f86-43af-86e3-96dd4aaa3cc8,Joseph,Christina,Byrd,Mrs.,DDS,56-11-11,+1-191-712-5516x46248,brenda08yahoo.com,60349 Hickman Stream Suite 294,West Brianburgh,NE,45433,21-06-17 00:06:00
208,25c355dd-13ce-4f7b-82af-139b55966408,Debra,Michael,David,Mrs.,Jr.,83-02-24,001-595-271-9872,jgray4yahoo.com,0762 Decker Tunnel Suite 313,Lake Brianna,AZ,82779,21-04-15 00:04:00
209,56b69aea-ad2f-4073-bdeb-9011bbd09a1c,Jill,Mark,Soto,Mr.,MD,43-05-01,(936)391-9149x06456,michaelmorrisonhotmail.com,4519 Scott Garden Apt. 172,Lake Clairestad,WI,97738,20-07-13 00:07:00
210,295f9050-3c79-4b9d-8e21-0675bd6b774d,Christopher,Jill,Castillo,Mr.,MD,49-06-12,167-695-4999,allenjosephhotmail.com,080 Charles Rue Suite 778,Port Maryburgh,OH,96065,21-04-04 00:04:00
211,fe757f70-2f80-4c68-b65d-55d0d0bfe8d4,Meghan,Steven,Jones,Dr.,MD,90-03-21,079-119-2729,martinezryanyahoo.com,7910 David Fall Suite 076,New Courtney,VT,18852,21-03-19 00:03:00
212,ee8530d4-af32-4021-b9d9-8f30f25e89ae,Richard,David,Nichols,Mx.,Jr.,16-09-18,9535152539,jenningsamygmail.com,2827 Taylor Cape Apt. 455,West Breanna,LA,85264,21-06-20 00:06:00
213,ba8c70b4-045a-4e0c-9f93-b32a5175198f,Diane,Thomas,Carter,Mr.,PhD,72-02-12,001-470-153-9836x36124,campbellann7gmail.com,3811 Flores Parks Suite 656,Sanderston,DE,37437,20-10-24 00:10:00
214,500805e8-e7f9-4dce-8dba-80948608927b,Kevin,Tracy,Gilbert,Dr.,DDS,59-02-11,043.416.6410,keithpeters3gmail.com,34113 Jones Overpass,Port Michael,WI,56230,20-11-17 00:11:00
215,c614d73c-e05d-4ab3-9541-4aa0a604f9cc,Steven,Christina,Franklin,Dr.,MD,94-06-06,481-947-6363,cochranbrian5yahoo.com,90314 Jeremy Mews,Hornmouth,SC,15914,20-12-22 00:12:00
216,d7499ff6-e9ac-4e08-abcf-5a62988a40e8,Charles,Nicholas,Ruiz,Mx.,DVM,69-11-16,001-643-642-1170x422,shernandez3gmail.com,75991 Kathleen Valleys,Johnsonchester,KY,33794,20-10-26 00:10:00
217,cf676e0c-82eb-4c23-b6bd-43a7c5a0b4f2,Amy,Christopher,Gomez,Mx.,MD,39-05-08,619.181.9406x09866,reedstephanie3gmail.com,38284 Hall Lock,Martinezview,VA,85499,20-11-29 00:11:00
218,a74c1b1c-a0e5-4358-91f0-458cf767cead,Selena,Lindsay,Jacobson,Miss,Jr.,92-08-18,379-337-3933x4648,jonathanmendozahotmail.com,05176 Taylor Bypass Suite 339,Lake Richard,SC,32218,20-12-22 00:12:00
219,37599b77-ce1b-4150-9154-17a8ee61157c,William,Amber,Dixon,Mx.,PhD,76-12-28,107.313.8724x1988,farleymarkyahoo.com,568 Andrews Prairie,Charlesfort,MI,98618,20-09-12 00:09:00
220,1900baae-0511-4a02-8018-b89fcb7a7f7a,Mary,Nicholas,Silva,Mx.,DVM,51-12-20,671-684-3322x575,tmeadows6gmail.com,350 Jeff Keys Suite 231,Johnstonview,OK,45902,21-05-16 00:05:00
221,629d1140-dfea-4ee1-aeb4-41accdce9658,Emily,Julie,Valentine,Dr.,Jr.,18-05-07,7038375568,mark935gmail.com,35472 Norma Summit,East Paulfurt,AZ,60516,21-03-06 00:03:00
222,6156d690-4c9e-41b8-9532-c5dad3729728,Daniel,James,Grant,Miss,Jr.,75-09-19,001-459-686-4590x60497,phendricksgmail.com,2498 Stevenson Field,Kylebury,NY,47951,21-03-01 00:03:00
223,bbdb886a-0bb1-453f-bc3c-48dfc76d221f,Christina,Larry,Vasquez,Ms.,MD,05-07-24,001-251-134-6970x6051,mterry7yahoo.com,45175 Molina Wall Apt. 939,East Matthewtown,IN,62668,20-11-29 00:11:00
224,85d6df81-5625-4006-aff7-faf0db9a3043,Jessica,Troy,Taylor,Mr.,MD,99-01-22,554.168.1863,francisco32gmail.com,0816 Austin Turnpike Suite 116,New Gabrieltown,SD,63909,21-02-16 00:02:00
225,6dcd732a-f4d2-4476-af16-7c5d387f8996,Robert,Carla,Price,Mrs.,IV,21-03-24,747.958.3427x061,jeremysmith6yahoo.com,4308 Davis Estates Suite 529,Gibsonland,SC,16988,20-12-22 00:12:00
226,daac9599-ed45-4150-9197-d5902587c46a,Roy,Steven,Greer,Ms.,DVM,43-10-23,001-949-092-4247x79740,lmartinezgmail.com,0363 Walter Heights,New Jessica,WI,89811,20-08-15 00:08:00
227,15152e75-e7c1-46a8-bc65-3fdbe7f89277,Denise,David,Bishop,Mx.,DDS,18-10-23,975.960.0381x802,matthew03yahoo.com,51009 Joshua View,Ryanfort,MD,19240,20-11-14 00:11:00
228,83f18b76-9d74-4ceb-b5f1-1fc81a6157a9,Jason,Angela,Lopez,Misc.,MD,44-09-18,001-903-326-4483x0223,djohnson2gmail.com,6311 Anderson Plaza,Bryantview,OH,93001,21-05-09 00:05:00
229,54c57344-9888-44ee-9781-9ccc0f95e151,Richard,Matthew,Kelly,Mx.,MD,94-07-03,(966)326-3334x006,vgarcia4gmail.com,14801 Devon Locks,South Jesseton,WV,23149,21-01-09 00:01:00
230,4d5d547a-c400-41e4-ad91-c6baa0c8c192,Christine,Katrina,Lopez,Mr.,MD,09-09-17,095-185-7664,maria393gmail.com,4849 Paul Street Apt. 905,Carterville,NV,72021,20-08-26 00:08:00
231,880b6a4c-fcec-4c1d-9a04-4f6aaff41ec6,Duane,Tara,Bailey,Mrs.,MD,15-08-20,+1-293-627-0623x9816,spencerangel5hotmail.com,871 Angel Rest Suite 028,Harperhaven,MD,42359,21-06-12 00:06:00
232,a85b4692-f24c-463b-b651-3595803c51a1,Michael,Lisa,Nelson,Mrs.,II,97-03-01,(055)613-2787x48582,bestjasmine2yahoo.com,68131 Lisa Grove Suite 388,West Kristytown,OR,21977,20-08-20 00:08:00
233,2728806c-d70b-4671-a0b6-d54703fed939,Jacob,Jacob,Berry,Dr.,Jr.,49-12-03,(898)295-8426x71242,sarah437gmail.com,3819 Michael Falls,Christopherburgh,WY,76866,21-02-27 00:02:00
234,18baf495-154b-4146-97c2-ab1deb91da1a,Charles,Deborah,Hogan,Dr.,MD,39-04-16,+1-511-985-8596,cperezgmail.com,9514 Emma Club,Lake Jaime,ND,05737,21-02-28 00:02:00
235,1e12620c-c390-4adf-bcf8-ff3fc693135a,Lisa,James,Sanchez,Dr.,DDS,32-01-06,+1-231-327-1847x52224,deborah48yahoo.com,00727 David Land,Lopezview,ID,21238,21-01-23 00:01:00
236,77248745-125a-4593-be27-3807c8fb4d3a,Victoria,Steven,Phillips,Mrs.,DVM,32-11-13,001-132-671-1964x9849,fgrahamhotmail.com,0195 David Wall,Jonesfort,FL,52585,20-08-29 00:08:00
237,b8a8d409-0d64-4d61-a376-9512db812ade,Alicia,Valerie,White,Mx.,DDS,28-04-12,456-342-8996x13238,kelly966gmail.com,93801 Brown Spurs Suite 007,Donaldsonfurt,IN,54081,21-03-25 00:03:00
238,6a71a0e5-246b-41c4-9efe-fc739c41905a,Kathleen,Michael,Jones,Dr.,DDS,54-11-27,+1-836-013-2623x173,petersmithhotmail.com,72997 Patricia Green,Wangview,NC,96975,20-09-12 00:09:00
239,6aa6e238-db1b-43f3-9c8e-4c455a2206aa,William,Charles,Barber,Mx.,MD,76-04-01,017.678.4942,donnajohnsongmail.com,59662 Francisco Cliff Suite 879,Aprilburgh,FL,01259,21-05-05 00:05:00
240,cb1d6d78-3c06-4552-ae49-94937c83153e,Aaron,Julie,Gonzalez,Dr.,MD,00-04-25,+1-313-432-8041x769,wyatt305hotmail.com,6086 Geoffrey Forks,West April,IN,53277,21-04-19 00:04:00
241,3f266191-5a09-4c05-91c7-56d46dda6925,Diana,Kelly,Martin,Mr.,II,82-09-23,252-593-6337,pattersonbrianhotmail.com,140 Kelly Throughway Suite 305,Costaside,WI,50535,20-07-30 00:07:00
242,aa6178a7-cd8b-44a8-ac6d-f33b1d936af5,Christopher,Jerome,Hart,Dr.,II,04-01-15,001-941-924-4201x63136,vsmith4yahoo.com,198 Garcia Meadows,Jaredfurt,MA,04995,20-12-05 00:12:00
243,6c80e406-0157-486f-b3ef-5d61d8e19c50,Jocelyn,William,Dean,Mr.,IV,34-06-13,4136934857,qhaas1hotmail.com,94946 Sean Locks,Christineview,AK,35064,21-04-28 00:04:00
244,2e43c67a-c5dc-42d6-9ddd-1f48b7fec468,Mark,Steven,Griffin,Mx.,DDS,52-10-10,239-972-6007x2383,mkennedyyahoo.com,80854 Martin Isle Apt. 170,Lake Miguelton,MD,53453,21-03-31 00:03:00
245,2afcfb18-95b5-4021-bf74-4ba71ad9ec63,Cynthia,Christopher,Pierce,Mr.,MD,63-03-04,962-536-8631x35076,gnunez3yahoo.com,4298 Loretta Trafficway Apt. 162,Mcconnellborough,ME,96894,21-03-06 00:03:00
246,dc37e351-d994-4829-9329-426663865c86,Eric,Cynthia,Williams,Mr.,MD,29-01-12,179.366.6298x96123,bkimyahoo.com,872 Michelle Parkways Suite 786,Heidiport,ND,53207,20-11-18 00:11:00
247,dcdce00a-c2f2-4acf-8882-bb7207e8455e,Zachary,Brittany,Dixon,Mr.,PhD,17-10-06,001-995-089-2336,victoria032hotmail.com,526 Jones Rue,Heidiland,ND,43119,20-07-03 00:07:00
248,4adb2666-888b-4ced-aeba-ad699723d6fc,Denise,Taylor,Oneill,Dr.,Jr.,61-05-13,(103)668-0598,etaylorgmail.com,426 Johnson Mountain Suite 108,Karaburgh,WV,44021,20-10-28 00:10:00
249,5e0fec66-76ca-479f-98f1-9f0dc6aa13da,David,Kimberly,Perry,Mr.,MD,05-04-28,001-987-872-1261x593,watsondale9hotmail.com,86459 Keith Stream Apt. 259,Robertchester,DE,73371,21-03-02 00:03:00
250,ccb6bd76-e3bf-40cd-9283-537dae121069,Kevin,Lisa,Welch,Dr.,MD,36-08-31,218-498-0661x3251,joesnyder5yahoo.com,7001 Adams Ports Suite 691,Tammybury,MO,37977,20-12-07 00:12:00
251,0f2cd3b3-561f-4b03-9823-7a2158b42b5b,Sean,Debbie,Morris,Mx.,DDS,91-05-03,(447)879-5610x043,christinethomasgmail.com,569 Kelly Mountains Suite 450,Johnsonhaven,MD,29006,21-01-20 00:01:00
252,aba7c29a-82eb-483d-b2ed-a8c9a8149c52,David,Robert,Ochoa,Miss,MD,31-03-28,(936)988-0147,pschneidergmail.com,5441 Lee Bypass,East Stephaniebury,MO,11475,20-10-04 00:10:00
253,e9709808-8f34-49eb-9e92-0681edb0598f,Dustin,Megan,Russell,Dr.,Jr.,05-09-07,(556)575-5808,joeljacksonyahoo.com,647 Erin Loop,Wallacefurt,IL,53874,20-12-01 00:12:00
254,7d8c3b75-0528-4e90-bd21-0213b91136d1,Jeffrey,Deanna,Santos,Dr.,MD,11-03-31,824-273-3359,jennifer492hotmail.com,63482 Kennedy Fords,Hudsonmouth,MS,00915,21-04-30 00:04:00
255,8e6ad5c2-5d7f-4764-a518-c7e8f9de2a76,Sonya,Juan,Fuentes,Mr.,MD,83-05-20,235-401-7800x1803,teresafryyahoo.com,95182 Vega Canyon,West Tracyton,VI,05693,21-05-30 00:05:00
256,5c22c91e-8b4c-4911-b461-b6ac6cd43517,Jessica,Stephanie,Reid,Mr.,MD,29-03-30,+1-117-209-2344,thomasrojasyahoo.com,0873 Billy Locks,New Christinefort,NY,44547,21-06-19 00:06:00
257,76716ac7-f786-41eb-927d-f9ddaca228aa,Nathaniel,Jamie,Williams,Mx.,PhD,96-03-30,875.522.9295,patriciafrank6yahoo.com,0006 Wolfe Shoal Apt. 334,Lake David,PR,01973,20-12-22 00:12:00
258,f691025e-43b0-42d3-8bfb-c57276d99832,Randy,Robert,Simmons,Dr.,III,18-03-01,+1-697-588-8486x931,fmoss3yahoo.com,4594 Jeremy Locks,East Sabrina,VT,01145,20-07-19 00:07:00
259,14795432-14d7-4c50-9f34-d0a0afba4179,Harold,Jacqueline,Green,Dr.,Jr.,23-02-11,944-997-3191,jdavishotmail.com,39179 Chelsea Fords Apt. 969,Poolestad,NC,92338,20-07-17 00:07:00
260,deb4e630-0615-477a-a407-8a40cf2f1dd4,Francisco,David,Anthony,Dr.,MD,73-01-24,001-685-923-1969x7956,hardinashley1yahoo.com,04985 Annette Plain,North Jenna,NH,83651,20-12-21 00:12:00
261,fcee0933-3bf9-464b-bdf2-1e27d9703f51,Adam,Amy,Mitchell,Dr.,MD,28-07-01,896.916.7020x28187,sean036hotmail.com,487 Ryan Skyway Suite 695,Lake Curtis,IN,61618,20-08-19 00:08:00
262,3d9daef3-39c1-45a6-8577-45be0ad9620c,Kayla,Samantha,Lewis,Dr.,MD,27-12-22,001-962-922-1108,angela041gmail.com,246 Smith Fort Suite 270,Piercefort,DE,37132,20-10-28 00:10:00
263,f81255fb-4d0e-4725-b837-0ac908c61717,Angela,Kaylee,Johnson,Mr.,DDS,02-06-22,(489)602-4707,tbrandt4gmail.com,888 Melinda Loaf Apt. 975,Colleenside,WY,82478,20-11-09 00:11:00
264,5c253bef-b826-4d12-a178-8eb8be55793a,Brandi,Crystal,Hernandez,Dr.,Jr.,05-07-10,001-607-938-6646x39570,gstein9gmail.com,954 Richard Shoal Suite 509,Riveraland,NY,73480,20-06-25 00:06:00
265,b771877e-141e-49e7-911f-493c450a0e69,Anna,Anthony,Norman,Mx.,MD,12-09-16,0466683403,stevenolsonhotmail.com,1309 Jessica Mission Apt. 152,South Johnny,TX,72833,20-11-08 00:11:00
266,3c76449f-1d27-4701-830d-b9c4c38297c0,Steven,Jodi,Weber,Mx.,DVM,66-06-11,+1-156-222-5631x646,cynthiamuellergmail.com,95793 Leach Branch,Davidshire,LA,90049,20-07-16 00:07:00
267,f6b5d674-0d0c-41fd-8700-feb83408850e,Justin,Natalie,Green,Mr.,MD,78-12-08,594.192.9490x2868,ronaldblanchardgmail.com,8894 Danielle Squares Apt. 996,Pattonview,VI,82490,21-03-11 00:03:00
268,fce3c44f-5bca-4ecb-b0fe-4514ad645c15,Ashley,Matthew,Harris,Miss,PhD,83-12-03,(583)935-2861x673,fkirk1yahoo.com,619 Levine Ports,East Randall,NM,94268,21-06-11 00:06:00
269,7cfe9b4d-2a31-4a24-877e-32499935948d,Amber,Charles,Gallagher,Mr.,IV,10-12-25,(495)815-1880x86167,staceykellerhotmail.com,788 Gonzalez Squares Apt. 044,Murraychester,MS,15356,21-05-16 00:05:00
270,7838c85e-4ab0-4893-b45c-759a691fcf9a,Mary,Kimberly,Smith,Mrs.,II,63-09-24,567-806-7302,aliciaburns4hotmail.com,88353 Fernandez Inlet,North Sarah,OH,34863,20-10-11 00:10:00
271,d43dda2a-7bac-4d85-9c47-6113666b2ee2,Linda,Carrie,Henderson,Ms.,Jr.,60-01-28,+1-414-048-1137x263,taylor52yahoo.com,09468 Benjamin Path Suite 680,West Nancy,MS,50854,21-04-22 00:04:00
272,e54acd13-391c-4603-85f9-f24b5225c7bb,Jane,Judith,Morris,Ms.,PhD,07-06-04,4201692297,chenjames4gmail.com,90360 Shaffer Prairie,Castillostad,TX,63324,20-12-23 00:12:00
273,cb496926-4ebe-4744-9b60-43ff8cb8bbd1,Christine,John,Ortega,Mr.,DDS,13-11-27,9175785747,allen66gmail.com,934 Lopez Knolls Suite 976,New Megan,CT,90172,21-03-20 00:03:00
274,780a5542-6863-4abb-8a0f-4fa5b852b133,Bryan,James,Morrison,Mr.,DDS,36-04-07,983.940.4665x403,ricardo31yahoo.com,5088 Brian Street,Kristinfurt,NV,50396,21-05-08 00:05:00
275,27cdf6d1-a3cc-499f-b06f-a5328b20c56f,Darren,Alexis,Moyer,Mrs.,PhD,54-06-06,597.820.7435x37597,morrowjennifer5yahoo.com,9588 Christopher Dale Suite 974,North Henrymouth,HI,28915,21-05-08 00:05:00
276,d460ee39-419a-4fc9-a062-3ef18d59b1bd,Patrick,Alexa,Doyle,Mrs.,MD,49-07-01,(287)336-0224,smithjoshuagmail.com,33048 Gutierrez Shoal,Lake Cindyshire,IA,20986,21-02-16 00:02:00
277,a2885899-1010-4768-93f1-40803c0dd51a,Tammy,Sarah,Williams,Mx.,DDS,33-01-28,784.870.7868,robert39yahoo.com,0010 Melissa Road Apt. 420,New Jennifer,WI,60341,21-03-16 00:03:00
278,cd4335de-cd1d-4781-8ed1-4276e0c6b1e0,Michael,Kathy,Ford,Ind.,DDS,70-07-19,391-703-4165,xcartergmail.com,370 Obrien Forks,Michaelmouth,DE,04253,20-11-08 00:11:00
279,83b9953e-a34c-4791-aaa4-8217ad84bee5,Sandra,Jason,Rubio,Mrs.,II,96-09-11,+1-718-748-5499x307,robert27hotmail.com,8559 Cobb Squares,New Amandaberg,MN,95332,20-09-21 00:09:00
280,2380282e-a255-437d-bec9-3bc5c0673466,Denise,Joshua,Thomas,Mrs.,Jr.,68-08-24,058-068-8407,ginaoneillhotmail.com,5282 Wilkins Mission,New Stephenmouth,AR,22881,21-03-29 00:03:00
281,305bf781-861f-476b-ab70-cc1b484e3e3b,John,Richard,Gonzalez,Mx.,Jr.,56-03-14,(119)657-8951x50754,marypowersyahoo.com,213 Cynthia Ramp,Evansport,VT,00920,20-12-15 00:12:00
282,767d3080-74d5-4980-b2ac-96120fc54496,Anthony,Derrick,Zhang,Ms.,MD,74-01-23,5542428523,kjohnson7hotmail.com,861 Emily Course,Port Tammychester,KS,19554,21-03-14 00:03:00
283,e8983868-b5c7-4c9b-b549-2fe4471db312,Julie,Jessica,Fitzgerald,Dr.,DDS,29-08-28,(346)830-1753x6601,amanda834yahoo.com,35567 Zachary Drive Apt. 664,Scottside,IN,36015,21-03-08 00:03:00
284,34f0bdee-5dcd-45b7-9d6f-4712f68193da,Lisa,Michael,Anderson,Mr.,DVM,62-09-11,596.282.4038x70618,jeffreyoconnor4hotmail.com,2252 Page Key,Kimberlyfurt,GA,58180,20-11-20 00:11:00
285,bf925fec-e1a2-4833-b0b2-172e2084035c,Stephen,Matthew,Lopez,Dr.,MD,37-07-01,097-733-9293,jeanette80yahoo.com,631 Austin Gateway Apt. 871,North Garyside,MD,68973,20-12-26 00:12:00
286,764534ae-c086-4c36-9b22-6d7d6e066b6c,Jennifer,Douglas,Turner,Dr.,DDS,26-01-03,+1-299-548-6875,kstricklandyahoo.com,9169 Lisa Terrace Apt. 332,Port Erin,RI,73348,21-04-12 00:04:00
287,2f1e8235-5f2f-463b-83a3-801c758a45e4,Katrina,Brittney,Ortiz,Mx.,DVM,74-09-24,(913)549-8603x07545,ryanjenkinsgmail.com,073 Malone Vista Suite 231,Gonzalezchester,RI,37254,21-04-04 00:04:00
288,8ab298e9-4c69-4a94-b850-65bce279ae08,Mary,Cheryl,Reyes,Mr.,MD,17-08-11,288.266.0804x555,blackwelljohn3yahoo.com,932 Little Skyway,Jenkinsberg,AR,93122,20-11-12 00:11:00
289,fcd18e4e-55a6-4cc0-8c5f-152bdb9fc99f,Craig,Christine,Franco,Mr.,Jr.,76-01-18,+1-010-207-9224x435,howellmichaelyahoo.com,4472 Vincent Greens,Paulland,NH,46602,20-10-12 00:10:00
290,56c062a1-4d47-490e-a310-97aeefccc53c,Sandra,Kevin,Howard,Dr.,Jr.,56-08-11,4065364327,lesliebutlergmail.com,7353 Klein Walk,Ashleyport,MS,41382,20-08-21 00:08:00
291,b2e170f6-c7e5-4b73-8e49-8b2e1dceefa6,Kathy,Whitney,Coleman,Mrs.,DDS,79-06-13,001-325-959-9906,qdennis1gmail.com,838 Jessica Trafficway,Woodview,PA,87185,20-08-31 00:08:00
292,92231b41-1aba-40c6-ac6b-8f89794696be,Deborah,Natalie,Whitney,Ind.,MD,03-10-27,(858)859-8612,thomas67hotmail.com,62896 Heather Circles,Jeremyborough,UT,60272,20-08-31 00:08:00
293,0a59f5dc-395a-4924-ad76-e2117f49992c,Jessica,Jared,Johnson,Mr.,DDS,98-06-01,001-783-154-3321x6597,maria20hotmail.com,5706 Sanders Field,Johnsonberg,RI,73000,20-10-09 00:10:00
294,c3190c5a-ebec-47bf-959e-befd7e8edc5e,Lisa,Michael,Knox,Mr.,DDS,82-09-30,+1-665-462-6764,elizabethstevensongmail.com,56823 Small Bridge,North Virginiaborough,DE,08349,20-11-29 00:11:00
295,980832ad-c5df-43ca-988f-a60a432a85b2,Donald,Katherine,Anderson,Mr.,MD,53-06-01,524.358.0732x961,morrisonmackenzie6gmail.com,161 Nancy Well Suite 435,Port Ashleyton,WI,15128,20-12-12 00:12:00
296,986fad7e-b57a-4fad-b34c-360dfbb6c710,Tyler,Kathryn,Jackson,Mr.,MD,50-09-22,001-854-973-9793x711,john75gmail.com,2589 Troy Junction Apt. 136,Barryfort,KS,92149,20-06-26 00:06:00
297,241241e4-e7e4-4f52-b4bd-fb0e07661109,John,Christina,Bates,Mr.,DDS,62-06-15,436.121.6510,richardterri7yahoo.com,711 Darrell Gardens,Nicoleborough,TN,05521,20-11-20 00:11:00
298,48781447-c1ab-4b85-ab7e-4e1efad52d46,Stephen,Frank,Burton,Mr.,MD,28-07-22,(064)916-5880x4208,castrokimberly8yahoo.com,18489 Juan Mill Apt. 307,Port Matthewmouth,FL,15987,20-07-31 00:07:00
299,e8d8dd35-d1f8-4dcb-adb4-1871d5ad0ef5,Rhonda,Robert,Valenzuela,Dr.,DDS,54-12-10,(102)929-4382,sarah00yahoo.com,30804 Mark Knolls Apt. 359,West Joshua,MD,93483,20-12-19 00:12:00
300,8b917fa6-9021-4fea-82c8-bcabeb364c6f,Kelly,Michael,Whitaker,Mr.,DVM,99-02-27,001-902-497-0481x1370,gilbertstephanie8yahoo.com,172 Anthony Groves Apt. 715,Lake Davidton,IL,05295,21-05-30 00:05:00
301,783ce93d-8f98-4c52-91fc-637a2d7ed291,Beth,Jacqueline,Bryant,Mr.,II,83-02-02,001-377-830-0803,ssmithhotmail.com,245 Brian Junction,Yubury,NY,95551,21-05-28 00:05:00
302,5c3fe476-4574-414d-9088-d1aa54a4925f,Douglas,Corey,Smith,Mr.,DVM,33-08-01,(299)181-5429,jasmine056yahoo.com,88263 Christopher Prairie,South William,WI,35865,20-07-27 00:07:00
303,066a1bcd-9a51-47e7-a45c-bf552eb41e57,Edwin,Tyler,Lopez,Dr.,PhD,56-05-07,038.687.0901x30053,valenciathomashotmail.com,254 Scott Branch Suite 756,Murphyton,CT,02823,21-04-14 00:04:00
304,70bd1e00-a05d-4419-bb8f-413e572ff10a,Ivan,John,Brown,Mrs.,Jr.,73-02-14,899-431-2290x219,ballarddeborah9hotmail.com,0239 Lauren Views Suite 996,Jimmyhaven,AK,85113,21-04-12 00:04:00
305,f9fb5f99-e0c8-4e5d-a0ba-582c667f806a,Drew,Matthew,Wright,Mr.,MD,93-03-26,(117)051-7168,wolfecory7hotmail.com,2065 Mark Isle Suite 312,Frankside,PA,89460,21-03-04 00:03:00
306,10015a67-50ec-4816-894f-25d009205edf,Stacy,Jessica,Love,Misc.,DDS,22-09-16,+1-173-540-7600,pmunoz8yahoo.com,36175 Sergio Circles Suite 783,West Jenniferland,NJ,04089,20-07-07 00:07:00
307,307e051b-c9d4-40a2-a585-1b224d968a7e,Regina,Jeanne,Bennett,Dr.,IV,29-06-04,010-739-5630x33775,crystalallen1gmail.com,0788 Barajas Path,Karentown,CA,73166,20-07-24 00:07:00
308,0477e5c6-e61c-4bc4-ad07-7c079aa40ec4,Yolanda,Joseph,Johnson,Mr.,MD,93-08-23,+1-479-649-0746x8776,ishaw8gmail.com,9295 Sharon Crest Apt. 525,Paulmouth,NV,64195,20-07-02 00:07:00
309,1f1c25de-b4c5-4311-8178-115ca1efffa8,Lori,Robert,Patton,Ind.,MD,13-01-21,4247539399,smithtammy9hotmail.com,876 Eric River,Mannbury,MT,02623,21-04-17 00:04:00
310,c5e1f98d-39be-4773-8040-9b8b8176fc72,John,Marissa,Acosta,Dr.,PhD,26-10-21,+1-477-546-5297,mark725gmail.com,33652 Alexander Rapid Apt. 068,Hammondbury,NV,69804,20-07-28 00:07:00
311,2a325a97-6ba2-44ae-8730-740ac7d6cf7c,Samuel,Kathryn,Wagner,Miss,DDS,04-02-16,572-671-1310,hernandezlisagmail.com,12138 Marks Union,Laneshire,KY,24969,20-09-06 00:09:00
312,b253fedb-54e6-4545-b306-3ec4040bce15,Sara,Elizabeth,Murray,Mr.,MD,31-11-27,372-178-0013,kiddanthony4yahoo.com,53349 Dean Keys,East David,PA,77784,21-02-13 00:02:00
313,4b48fac4-27af-41aa-88c1-7d748eba5bfd,Cindy,Carol,Howard,Misc.,MD,05-12-28,001-569-026-7574x181,julie89hotmail.com,5230 Rowe Curve Suite 389,Ericside,NJ,62915,20-07-11 00:07:00
314,66cde895-a33d-4bd7-90ae-30f3fd34c1a1,Dustin,Samantha,Wilson,Dr.,DDS,06-03-31,(985)472-4553,mary519gmail.com,9391 Martinez Greens Suite 939,Petersfurt,OK,86788,21-01-21 00:01:00
315,5427dc44-1f54-49f2-8ae8-58cc46d0db98,David,Emma,Cherry,Dr.,DVM,00-01-06,+1-877-815-1537,daviscynthiayahoo.com,1729 Hicks Curve Apt. 100,Joshuafort,IA,60085,21-01-09 00:01:00
316,5d6574dc-d3e1-4087-b3b1-32de9f77fa69,Jill,Jason,Davenport,Mx.,PhD,92-04-14,(434)224-5125x86135,zlopezyahoo.com,0475 Jennifer Ridges,Port Elizabeth,CA,92365,20-07-15 00:07:00
317,98ae1d95-7fa2-4c8e-8603-e44130071501,Megan,Phillip,Jones,Mr.,PhD,18-07-07,633.730.3206,briangomez7gmail.com,6555 Watson Meadows,Davidhaven,OH,71489,20-08-08 00:08:00
318,f62efe5e-8ae9-436d-b983-02309db2d306,Robert,Christopher,Martinez,Mr.,MD,24-02-23,097-481-1413x435,donna39hotmail.com,5261 Jenkins Cove Apt. 375,Richardfort,AK,02622,21-05-11 00:05:00
319,3c8ef1df-084c-496e-9176-e5e5bb83f00a,Mitchell,John,Hernandez,Mrs.,DDS,43-01-09,0482168656,johnmiller3yahoo.com,92445 Morse Falls,West Taylorberg,NH,62055,21-04-28 00:04:00
320,3f97ec46-e104-4e62-a238-ffdf888d1e8c,Dawn,Carl,Brown,Mx.,II,09-04-25,(758)735-1419,curtis89hotmail.com,77329 Samantha Way Apt. 609,Lake Isabel,VI,32905,20-12-17 00:12:00
321,ccbf984f-5e55-46b6-9844-460562680f46,Kimberly,Catherine,Simpson,Ind.,MD,68-11-04,070-273-1269,thompsonmichael1yahoo.com,424 Kenneth Mill,North Sarahchester,SD,78048,20-07-14 00:07:00
322,56f933a0-eeb9-40b8-b146-ad2b9f0891e4,Jeffrey,Jessica,Romero,Mrs.,Jr.,76-05-22,(592)049-5521,dakota011hotmail.com,914 Cox Ramp Apt. 124,Kelseytown,SC,48087,21-03-27 00:03:00
323,af9f94f6-8eb9-456d-bda2-9999543693c6,Rebecca,William,Perez,Mrs.,Jr.,21-02-18,683-716-7309,hjackson6hotmail.com,409 Luis Canyon,West Casey,MS,62914,20-08-18 00:08:00
324,2555d0f8-62aa-42ab-84d6-4ded95a1b3f2,Morgan,Sarah,Petersen,Miss,DVM,59-11-21,3791093929,rebecca239gmail.com,595 Jones Vista Suite 797,Terrellberg,MO,90464,20-12-06 00:12:00
325,09109499-4540-4068-a39d-cdc10895e48e,Megan,Sarah,Phillips,Mr.,MD,90-03-19,332-499-6116x27408,alexander001yahoo.com,41445 Alexander Isle Apt. 298,Elizabethton,WA,26327,20-10-04 00:10:00
326,bb47b997-d4b3-40f1-8317-34326850f3a3,Anthony,Jeffrey,Patton,Mx.,MD,83-04-25,215.049.0103,krystalmartinezgmail.com,81677 Raymond Mills Apt. 875,Wendyhaven,AR,77248,20-11-10 00:11:00
327,3a704a02-7a9f-4320-b9cb-96b99f2259f0,Stephanie,Courtney,Swanson,Mr.,MD,17-05-31,782-238-0624x58338,gonzalezjamiehotmail.com,28368 Warren Hills,North Sierra,DC,46269,21-03-13 00:03:00
328,febfb798-1a02-444e-ab70-e88d19b3f5f7,Amber,Charles,Chen,Mx.,MD,36-12-14,+1-100-465-1001x04589,johnathan139yahoo.com,8214 Diane Row,Lake Anne,AR,58422,20-07-17 00:07:00
329,b05ad81f-597d-48fa-9ebd-3f0656f2e91e,Luis,Patricia,Jones,Mx.,MD,77-08-20,+1-555-568-3267,ymcdonald1yahoo.com,28087 Chapman Forge,Port Wendy,MD,39513,21-02-24 00:02:00
330,812ae397-7d68-4437-a5d3-fdfdead0ab52,Justin,Gerald,Garcia,Mrs.,III,06-04-13,+1-200-201-0750,christensenjosephyahoo.com,641 Jones Walk,Port John,NJ,34606,21-05-03 00:05:00
331,76d1091a-a36e-430d-abea-47417c3e1587,Darrell,Richard,Nguyen,Dr.,PhD,91-09-22,(073)840-1041x486,jwatershotmail.com,970 Garner Unions,New Jason,AZ,11509,21-02-19 00:02:00
332,6540b793-3bbc-462f-b814-d41fb570d243,Michael,Kelly,Randall,Dr.,MD,18-01-13,001-398-251-7718x1541,terriphillipshotmail.com,152 Michael Pike Suite 650,Port Steven,AZ,85263,20-10-19 00:10:00
333,2d854227-a9fb-408c-9114-3e87b5e5eae5,George,Donald,Callahan,Mr.,Jr.,68-01-27,819.196.6922x3968,alanduncan6yahoo.com,38051 Marcus Knolls Suite 215,New Emilychester,UT,31580,20-12-05 00:12:00
334,41560591-58bd-4178-b940-17112d7eb26a,Katherine,Natasha,Berry,Ind.,Jr.,08-11-06,383.725.6609,caseychad1yahoo.com,4701 Chad Wall,North Benjamin,AR,14787,20-07-07 00:07:00
335,a3f04b0b-742a-421d-8b11-354c3a9e0435,Charles,Kathleen,Goodman,Dr.,DVM,99-07-10,(005)387-8743x1214,robin674hotmail.com,8958 Jesus Meadow Suite 894,Alexandrabury,WY,01129,20-10-18 00:10:00
336,56df0240-5033-4bc9-b32f-17c731364aa8,Tyler,John,Buchanan,Mr.,MD,81-12-29,018-035-6316x2928,joshuastone7hotmail.com,08595 Lynn Mountains,Montgomerybury,SD,62481,21-03-20 00:03:00
337,2876cd08-9aed-4bee-9a8e-cf1be846506c,Jeffrey,Mary,Diaz,Mx.,MD,78-10-18,669-750-1174x38798,swagnerhotmail.com,99370 David Spurs Suite 549,Morrismouth,FL,12389,20-09-07 00:09:00
338,7635d637-3584-4af2-8ab0-128cbc5d88bf,Morgan,Jesse,Martin,Mrs.,MD,37-11-08,+1-548-020-2190x3576,uramirez8yahoo.com,348 Colleen Fall Suite 165,Kimshire,VI,88603,21-01-31 00:01:00
339,47e83a90-6810-4ec9-9aee-b5708db6df71,Christina,Preston,Robbins,Ms.,DDS,84-05-23,+1-795-588-6961x2231,john773gmail.com,8126 Morrison Squares,Woodfurt,ME,67134,20-07-07 00:07:00
340,1e8fc0aa-5cbb-4501-82a8-c33b0af1d4ed,Jacob,Elizabeth,Alvarado,Dr.,MD,62-01-25,1684334115,wrice7gmail.com,9521 Natalie Pine,Lake Jennifer,LA,00930,20-11-12 00:11:00
341,9a0500d0-a29d-44c0-98a6-00384d94fd8e,Kristina,Jacob,Martinez,Misc.,MD,70-11-23,018-369-6906x5158,andrearose3hotmail.com,3074 Villegas Gardens Suite 420,East Ashley,WI,44710,21-06-08 00:06:00
342,3ab7f518-b1f9-44e9-9e54-d4cf98b144e2,Larry,Brandon,Riley,Mx.,DDS,75-02-04,001-268-379-6355x9496,katrinastewartgmail.com,7309 Bowen Terrace,New Toddport,HI,90999,21-03-01 00:03:00
343,694d655f-5817-4340-b742-ab6914147859,Donna,Cynthia,Garcia,Mr.,MD,11-07-28,029-164-4247,cbenitez6yahoo.com,261 Hodges Way Suite 711,Lake Chad,MI,98943,21-06-12 00:06:00
344,9025259c-2bfa-486c-a047-73f147a4e5e5,James,Jennifer,Rhodes,Mrs.,DVM,78-03-01,3520168051,christophermitchell1hotmail.com,03415 Pamela Garden,New Juliefurt,SD,96838,21-03-16 00:03:00
345,6019a39d-1d0b-4c08-9951-7ef360f6a916,Rachel,Alyssa,Stone,Mr.,MD,16-05-26,(369)489-0026x937,conniesims5yahoo.com,13981 Brown Coves,Joshuamouth,TN,03432,21-01-24 00:01:00
346,556ec366-9752-4057-bb0b-995d4163140c,Wayne,Matthew,Williamson,Dr.,III,23-07-04,(517)628-5837x63259,fraygmail.com,03819 Alex Islands Suite 909,Lake Laurie,NM,97745,21-03-01 00:03:00
347,88b4e220-5583-4018-95e1-ac471fe6b824,Charles,Lisa,Robertson,Dr.,Jr.,33-04-17,221.289.1094x9439,christinemartinezgmail.com,22898 Heather Drive Apt. 485,Lake Sherri,AK,42398,21-03-25 00:03:00
348,47074405-f330-4a2f-afc8-a4aef1b8bffd,Kenneth,Stephen,Hughes,Mr.,II,77-09-11,001-911-651-5796x738,lovemelissayahoo.com,8750 Baird Brook Suite 829,Hendersonport,CT,39279,20-10-07 00:10:00
349,e3898ca1-5dc8-4ea9-a96f-aee338f20255,Michael,Steven,Wright,Mr.,MD,26-02-10,001-814-294-2537x741,matthew096gmail.com,600 Charles Stravenue,Matthewmouth,TX,70278,20-07-13 00:07:00
350,3d5207a9-500d-4c15-b70a-67aebd51f845,Holly,Samantha,Moore,Ind.,DDS,03-06-14,+1-041-578-1973,jillian66yahoo.com,757 Rebecca Burgs Suite 475,Kingfort,AL,35621,20-10-21 00:10:00
351,a5acf1da-2eee-4c46-b558-1ebb398a0e87,Logan,Tanya,Vincent,Mrs.,DDS,03-06-20,(704)883-0042x42828,ndixonhotmail.com,0803 Brenda Spring,Flemingland,MA,84644,20-11-20 00:11:00
352,220c3451-2714-4f43-90f5-a5a010b03641,Denise,Erin,Johnson,Mx.,MD,35-03-31,001-028-734-0955x48993,tiffany21hotmail.com,893 Alexander Points Apt. 084,Port Darren,NV,57524,20-07-19 00:07:00
353,22cf13c1-4e5e-4b2c-9faf-ee59dd7f51e0,Kimberly,Jessica,Harris,Dr.,DDS,39-09-12,(733)916-8050,luis377yahoo.com,09409 Allen Spring Suite 354,Whiteheadbury,VT,79770,20-07-23 00:07:00
354,35faa677-5707-40f0-8b8a-c1720ec8b8c8,Brett,Karen,Crawford,Mr.,MD,55-01-23,001-911-595-1183x362,campbellnatalieyahoo.com,980 Madden Vista Apt. 350,Dakotaville,IL,45024,20-12-29 00:12:00
355,254d9ff9-00f3-4a78-b916-eeeb543ce0fa,Jason,Amber,Cox,Mx.,MD,03-06-16,841.415.7016x205,qwoods3hotmail.com,51538 Lopez Springs,Port Jennifermouth,GA,77084,20-08-19 00:08:00
356,97af2762-9891-4557-be37-d84edc5f34c8,Courtney,Edward,Stevens,Mx.,DDS,62-06-25,001-963-118-9206x43572,morrisjason9hotmail.com,98330 Wells Haven,North Tylerton,GA,16667,21-01-11 00:01:00
357,bb18be0c-f7e2-41cc-9391-aea886d88dfa,Steven,Larry,Williams,Dr.,MD,57-01-18,373.948.6621x100,cindytorreshotmail.com,1431 Robert Village,Port Lindafort,KY,80309,20-10-28 00:10:00
358,b2d14092-986b-4c74-a4f1-2da15533df0d,Brittany,Dylan,Mason,Mr.,DDS,86-02-03,412.635.8202x8504,kross8hotmail.com,757 Sharon Port,North Kimberly,AL,47846,20-09-19 00:09:00
359,9dd1ada7-8d28-4871-8407-0466e818865c,Jacob,Benjamin,Hebert,Mr.,MD,55-02-14,163.249.6798x7256,xmarsh6gmail.com,1129 Garcia Square Suite 526,North Shawn,KY,32104,21-05-22 00:05:00
360,9d442213-6189-4e1d-b189-6ef3d502fee9,Jaime,Francisco,Turner,Mx.,DDS,97-08-03,(383)760-0130x278,lsmithhotmail.com,5219 Tonya Shoals,Port Kristinabury,KY,84676,20-09-24 00:09:00
361,e06bf069-f3bf-498c-ae30-0cef449c550d,Robert,Gary,Ramirez,Mrs.,MD,03-01-07,109.581.7098x9534,vernonsmithgmail.com,2580 James Tunnel,Port Nancymouth,OH,50568,20-10-14 00:10:00
362,b5da4791-f99c-4bfe-9ce2-19b9f317d940,Kimberly,Megan,Hanson,Mrs.,MD,08-02-06,001-073-473-1216,eguerrerohotmail.com,4033 Mcbride Union Suite 747,South Mariaport,CO,36292,20-07-12 00:07:00
363,9dc7ee45-5f77-43bd-bdff-3ecd83c53bc8,Alexander,Jessica,Patton,Dr.,MD,40-03-06,1507601158,byrdrichard4yahoo.com,5059 Carlos Courts,New Pamela,GA,58742,20-12-09 00:12:00
364,1314fd0c-b271-4967-84ea-ee51311dabd3,Timothy,Brandy,Kaufman,Dr.,MD,71-03-21,875-780-5857x18296,perezalyssa8hotmail.com,37184 Kelly Crescent Apt. 051,North Felicia,MS,95059,21-03-05 00:03:00
365,0dc44252-668d-4d57-91eb-46163cfc5e8f,Aaron,Adam,Cantu,Dr.,MD,28-07-27,031.105.5941,pthompsonhotmail.com,5439 Nicholas Union Suite 717,Maryshire,MN,29285,20-07-02 00:07:00
366,d0c390f1-06bf-4c63-9794-14b63d8698c0,Gregory,Christina,Thomas,Dr.,MD,77-01-03,529.159.9528,jason56gmail.com,502 Lopez Summit Apt. 037,North Rebekah,NC,47004,20-11-14 00:11:00
367,21dba421-94ea-4679-8b7f-eda10b3bc912,Julie,William,Adams,Dr.,MD,94-09-13,(087)054-3209x244,tinabutleryahoo.com,257 Logan Views Apt. 064,Stevenville,VT,84821,21-01-13 00:01:00
368,de23d0ab-cee8-4db3-bd33-9d0e4d68f5eb,Angela,Deborah,Callahan,Ms.,DDS,41-02-10,(350)775-8325x878,mriveragmail.com,6611 Mark Court,North Brittany,MS,56305,21-04-27 00:04:00
369,0bbc5bf5-1ea8-45c3-b33b-de6e8cf37c70,Michael,Linda,Smith,Dr.,PhD,89-08-04,976-337-8508,melissawilliamshotmail.com,957 Woodard Stravenue Suite 753,Knappfort,AZ,91520,20-07-24 00:07:00
370,802c7bd2-bdfc-49c5-aad5-7272e76a7639,Gabriella,Katie,York,Mr.,MD,94-08-16,+1-250-913-1562,ryan45gmail.com,18312 Julie Plains,Kanefurt,FL,27611,20-10-15 00:10:00
371,15901aed-c7ad-4cb1-95cb-97cec8f5bd37,William,Heather,Mckay,Dr.,III,13-03-23,873.888.7523x09067,morganfordgmail.com,175 Hughes Garden,West Ryan,AR,91283,21-02-16 00:02:00
372,17484b1c-9d61-4002-811b-529e6145d2a2,Whitney,Fernando,Ortiz,Mr.,DDS,18-10-04,(694)117-7810,lali8gmail.com,99645 Steve Freeway,Lake Angelica,CA,71668,20-08-26 00:08:00
373,d53ea5a9-c315-4aa9-a3b0-974e0c921259,Tony,Jeffrey,Mora,Mrs.,DDS,41-05-01,(711)019-5850x6983,mackenzieproctorhotmail.com,9693 Stacy Dale,West Johnport,NC,92594,21-05-05 00:05:00
374,ff5feba8-f2f4-46c1-85d5-859b111e6105,Anthony,Patricia,Smith,Dr.,Jr.,45-03-21,+1-949-328-5302x3354,christine18yahoo.com,9369 Jacob Harbor,West Joshua,IN,43610,21-04-05 00:04:00
375,d1591374-8050-481c-9c23-ad6ca91fa16d,Kyle,Dawn,Jones,Mr.,MD,26-09-04,001-258-720-6799x482,henry85yahoo.com,494 Sarah Parkway,North Michaelview,MS,53682,21-04-01 00:04:00
376,1faca4a1-d8fa-41f9-b001-ebb5ffb04763,Anthony,Carol,Marquez,Mr.,Jr.,78-06-16,114.248.1041x2373,jillharvey8gmail.com,3872 Alex Burg,North John,NH,37583,21-04-07 00:04:00
377,bb148107-9af0-4a35-b0dd-fe42747eba73,Jamie,Tina,Reyes,Dr.,DDS,06-08-29,360.999.2802x42916,yhollowaygmail.com,20957 Julia Center Suite 078,South Elizabethtown,KS,14917,20-11-18 00:11:00
378,b82ed1d8-b8bd-4a96-a497-b0f16ebabca3,Brittney,Robert,Gallegos,Misc.,MD,14-12-01,+1-706-959-0643x234,bradleyteresa1gmail.com,6766 Warner Station,West Joshua,IL,39097,21-01-20 00:01:00
379,f7ebf8cd-7ff2-4d90-b3dd-5b01cf3e334f,Joseph,Darren,Christensen,Mr.,PhD,48-03-06,6447430932,cunninghamgeorge7hotmail.com,80460 Krista Drive Apt. 549,Leahborough,HI,53469,20-10-18 00:10:00
380,081116b9-c3c3-4dea-998a-86e2be5278da,William,Drew,Johnston,Mr.,MD,76-03-13,(996)225-6132x10266,julia67yahoo.com,57266 Lori Isle,Larsonborough,OK,69806,20-07-12 00:07:00
381,62d0dc3f-ad7e-4713-93da-6caf6214c7da,Barbara,Rodney,Donaldson,Ms.,MD,74-01-18,0621160838,hannahgomez7yahoo.com,4950 Christopher Ways Apt. 667,North Rebecca,GA,35364,21-01-02 00:01:00
382,b18cdbc1-b4c9-4ae8-87a4-46fe5e0b04ea,Kimberly,Molly,Robinson,Mr.,MD,02-05-10,(179)132-4175,cblackyahoo.com,154 Lucas Glens,Drakebury,MS,82167,20-09-08 00:09:00
383,3d28e00b-0633-4759-8795-140efb0971a8,Cody,Michael,Perez,Ind.,MD,40-03-31,830-660-0621,psanchez7hotmail.com,8987 Ross Station Apt. 040,Lake Arthur,ND,01106,21-04-08 00:04:00
384,e7ce7182-c33f-47f7-99cb-b836dc368f6d,Adam,Andrew,Hensley,Dr.,MD,64-07-21,814.494.9309x98166,dandersongmail.com,69748 Laura Loaf Apt. 082,Blanchardport,NC,37279,21-04-07 00:04:00
385,ca7099f2-a426-47d6-b035-8a2e517cd8de,David,Kristen,Atkins,Mrs.,DVM,13-09-11,(574)843-7214x891,timlewis6yahoo.com,15774 Hill Flat Apt. 350,Port Courtney,AR,13498,21-01-20 00:01:00
386,43ce47a1-7748-400d-8573-e598b86a59e7,Deborah,Yolanda,Friedman,Mx.,II,38-02-28,417-244-6126x7172,dmiller6hotmail.com,588 Hull Crossroad Suite 873,Jessicabury,VT,97332,20-10-02 00:10:00
387,7a602faf-e463-4ed2-b575-fc82dae22975,Timothy,Amy,Nguyen,Mx.,DDS,80-05-25,084-987-1909,thomassilva2yahoo.com,450 Washington Glen Suite 914,Sheilaport,CO,25910,21-01-16 00:01:00
388,3a92a0a4-3a96-4966-b938-c16602567d2b,Rebecca,Kevin,Gutierrez,Mrs.,MD,86-09-25,001-290-255-0188x18132,chapmanjennifer7gmail.com,95449 Kelley Crest,Michellestad,GA,21476,20-12-04 00:12:00
389,bbb1590f-d898-4828-aae7-439cc218069a,Jeffery,Shannon,Aguilar,Mrs.,DDS,90-08-07,601-808-7170x979,chad467gmail.com,25257 Ramirez Corner,East Davidville,AZ,92971,21-03-29 00:03:00
390,f15e39e2-1bf2-444a-a40f-233b675af509,Lisa,David,Holloway,Mrs.,MD,50-11-03,334-498-5908x78255,logan109hotmail.com,7114 Ferguson Spurs,Alejandramouth,AK,25503,20-09-04 00:09:00
391,0cdb3988-d1d7-4e48-bff8-a6942899e90f,Lisa,Mark,Miller,Mrs.,DDS,97-02-07,001-252-293-3132x620,rmoyerhotmail.com,862 Angela Plain,New Mary,VT,42936,21-06-10 00:06:00
392,dfcaad68-35de-4f03-a1f9-8042acfd1c3c,Elizabeth,Karen,Martin,Dr.,DVM,49-02-10,541.013.1149x975,jennifer313yahoo.com,3028 Brandy Burgs,New Kenneth,LA,19850,21-01-06 00:01:00
393,ab77cb87-8c4f-4370-b3dd-c13a7113b9d3,Veronica,Claudia,Maddox,Mr.,DVM,92-09-22,+1-426-354-1149,burgesskristiyahoo.com,0704 Anderson Fords,South Robertborough,KS,72682,21-05-05 00:05:00
394,1531bd6d-c79d-4a76-ba7f-4ed94c7c132b,Ashley,Amber,Fernandez,Miss,Jr.,62-05-03,003-525-8936,erikharrisyahoo.com,39661 Tammy Plains Suite 006,North William,NJ,45340,21-06-01 00:06:00
395,2079645c-522a-4f5c-bb11-9cb57ea0f42c,Thomas,Alexander,Taylor,Dr.,MD,34-08-16,150.769.7736x9320,daniel40gmail.com,3984 Andersen Tunnel,Mayoside,IN,52948,20-07-27 00:07:00
396,f05807a7-0a30-48a6-97e6-63a4be2ee945,Robert,Jessica,Rose,Mr.,MD,36-05-21,599.961.0228x6389,madisonclarke2hotmail.com,4307 Garcia Road Apt. 217,Choiport,AL,82895,21-06-12 00:06:00
397,613ac599-914b-4e41-9d09-0ae3ba03b424,James,Corey,Hoover,Mrs.,Jr.,17-02-01,178-642-1764x80033,antonio57gmail.com,73411 Brandon Parkways,South James,UT,14912,20-08-09 00:08:00
398,64b2507c-4d15-44a4-88fa-964a1679910b,Heather,Sara,Rhodes,Mx.,DDS,57-02-18,001-860-126-0277x152,diazkelsey5hotmail.com,14980 Bell River,East Robertstad,HI,45595,21-02-22 00:02:00
399,0f128210-703f-49ef-94fe-a8e677f8e9a5,Kristin,John,Jones,Mr.,PhD,49-09-25,530.784.7845,valdezcassandrahotmail.com,455 Melanie Flats Apt. 539,West Adammouth,SC,64550,20-09-09 00:09:00
400,2f913ef8-fbb4-4b27-94b9-c91ca4974483,Charles,Ann,Adams,Mr.,MD,73-03-29,726-601-7032x877,richardvazquezhotmail.com,48520 Montes Skyway Apt. 348,West Stephanieside,CO,36293,20-07-03 00:07:00
401,f705b116-deff-4219-b455-23647a808acb,Julie,Anne,Logan,Mrs.,II,97-06-23,(340)055-2942x34475,rsharp1gmail.com,53787 Carl Rapids,Lake Matthew,CO,72229,20-08-14 00:08:00
402,751f5feb-146c-4606-a7ea-bb544689b316,Miguel,Marcia,Johnson,Mr.,MD,35-01-17,+1-177-213-7949x5997,garrettroberthotmail.com,19805 Ellison Ports,North Sean,SD,59783,21-06-17 00:06:00
403,53555109-68b3-405d-99d9-97019dc941d6,Lisa,Heather,Ramirez,Mrs.,MD,83-07-19,001-785-365-4153x27881,jamie91yahoo.com,3388 Duran Villages Suite 371,Patelport,HI,67826,20-08-14 00:08:00
404,2f0a6c4b-cd13-4495-82a0-b55b451e312c,Stephanie,Amber,Brown,Dr.,DVM,18-02-23,019.057.5391,jacqueline078gmail.com,6225 Williams Gardens Apt. 302,East Daniel,UT,25208,21-01-21 00:01:00
405,354e8272-c64f-46e8-84c1-67587bd5d97e,John,Michelle,Dean,Mr.,Jr.,22-01-19,015.244.9681x615,nguyenmichael3yahoo.com,078 Jeffrey Court Suite 957,Sandershaven,DC,30365,21-04-27 00:04:00
406,99ebc199-6039-44cf-9eeb-907775714c3b,Justin,Heather,Powers,Mrs.,DVM,36-06-27,2943662052,mpeters5yahoo.com,1092 Mary Land,Michaelmouth,AL,20155,21-02-11 00:02:00
407,baaf361a-56e9-483c-b831-33979115992f,Angela,John,Kim,Mrs.,MD,99-05-22,(814)531-3130,gardnerkathleen2hotmail.com,116 Neil Ways Suite 214,Lake Vanessa,NV,72357,21-06-08 00:06:00
408,0815d184-131e-4303-be88-c86af4b00dc2,Melissa,Samuel,Griffin,Dr.,IV,14-08-15,+1-624-017-1844x04824,katherine20gmail.com,06594 King Way Apt. 042,Cartershire,PA,21550,21-03-31 00:03:00
409,4d248d71-5975-40ad-a365-96b6e9b098b2,Thomas,Linda,Miller,Dr.,PhD,33-02-08,1756894272,abbottaprilhotmail.com,46588 Tricia Flats Apt. 499,North Rachel,RI,48590,20-12-22 00:12:00
410,d755d542-19cf-4e66-8ebd-1fa4854dcea8,Yolanda,Sheryl,Bauer,Mr.,DDS,04-03-10,001-469-255-5186x01967,brownchristine4hotmail.com,3085 Sabrina View,Jamesshire,AL,27391,21-04-25 00:04:00
411,1578b6a2-02ea-44c7-af53-f30b9c2b4d4c,Amanda,Joanna,Barnes,Mx.,MD,84-01-24,(975)976-9283x83219,shawanthonyhotmail.com,7838 Robles Field Apt. 655,New Nicolebury,KY,59295,21-03-21 00:03:00
412,e524abae-4b69-49f2-ad44-77a12a354c51,Gavin,John,Huff,Misc.,PhD,68-03-20,1012750935,fitzpatrickstephengmail.com,91214 Martinez Dam,Autumnview,RI,36294,21-04-06 00:04:00
413,31aaed98-4b44-4a5c-941c-92f3e9b12910,Andre,Jennifer,Evans,Mr.,MD,91-11-10,673-810-3929x99538,taylorjason8hotmail.com,5118 Nicole Springs,Mooreville,CT,33052,20-12-14 00:12:00
414,c59ff20c-a8c0-425f-a31d-a244a76fb18b,Jamie,Tiffany,Austin,Mr.,Jr.,95-08-22,+1-219-515-2594x83746,fuenteskrista8gmail.com,6601 Arias Hill,South Christianside,OR,66230,20-07-09 00:07:00
415,ea359575-8a95-48c6-a0a6-756d662252d3,Kimberly,Douglas,Hughes,Dr.,MD,61-05-30,001-728-585-4588x6533,millermary8hotmail.com,1249 Barrera Villages Apt. 328,Johnsonville,MT,64084,20-11-19 00:11:00
416,4f3455db-74ca-4aa8-984e-1de5ef6149e4,Brett,Barbara,Ortiz,Mx.,MD,02-09-06,+1-073-578-5276x18825,lawrencecoleman1gmail.com,633 Pamela Knoll,Gonzalezmouth,AK,64768,20-10-14 00:10:00
417,7c49787f-be4d-4838-ae38-1fc3e8ed55c3,Barbara,Tara,Barker,Dr.,MD,76-12-04,001-929-695-9214x4978,kimberlymossyahoo.com,525 Robert Parkways Apt. 156,Lake Kelly,HI,74675,21-06-02 00:06:00
418,861594f1-6e9d-4e50-9cb8-734e1998ab12,Robert,Eric,Bartlett,Mrs.,DDS,91-03-05,284.950.0569,yorklori3gmail.com,58373 Christopher Squares,Jenniferside,CO,58879,20-10-13 00:10:00
419,98853529-6c23-4b5b-9d3f-167c428e4010,Jose,Kelly,Norris,Dr.,MD,69-05-20,001-737-733-6434x51478,christopherholderyahoo.com,70269 Andrea Lakes Suite 883,Perezbury,LA,92090,21-01-08 00:01:00
420,e7ff2b28-94f5-4a32-a4f2-6813037105b1,Elizabeth,Krystal,Smith,Mrs.,DDS,39-11-18,2995421634,travis86yahoo.com,1200 Jonathan Cove,Jessicamouth,TX,22395,21-06-13 00:06:00
421,d5c23ab8-c464-414b-9855-4a135d8d1446,Jason,Trevor,Rocha,Mr.,PhD,28-10-11,525.834.8320,christopherryan9hotmail.com,91666 Duncan Spring Apt. 595,Tracihaven,OR,40419,20-09-20 00:09:00
422,d5f820ef-2849-445f-8b06-00b0a2f4388a,Dennis,John,Mayer,Mrs.,Jr.,51-10-03,051.469.6140x3979,hduncanhotmail.com,83287 Roberson Point Apt. 600,North Jenniferchester,KY,77633,21-02-05 00:02:00
423,8cccaf8a-5cfa-444f-871e-d302361bdc8d,Barbara,Diana,Gonzalez,Mr.,DVM,00-07-28,339.219.4012x7922,gjohnsonhotmail.com,2568 Bradley Harbors Apt. 900,New Joshua,OR,64289,21-01-17 00:01:00
424,a11dd922-c3cb-4a8d-8bb1-0dc903a59f54,Alicia,Veronica,Johnson,Dr.,MD,75-10-22,319-843-9118x64655,sullivanpatriciayahoo.com,604 Moore Summit Suite 224,West Lisa,AZ,62711,21-03-14 00:03:00
425,db78a788-f9fa-4e58-a050-e0ac10a74c94,Jennifer,Christopher,Weeks,Mx.,Jr.,74-01-04,(657)107-1394,brettlopez3gmail.com,24318 Brian Plains Apt. 588,Amyshire,NE,74984,21-05-19 00:05:00
426,71517581-7603-42c9-9f93-63c5478f11db,Sean,Rebecca,Rivera,Dr.,DDS,44-11-24,001-271-965-0041,atkinsondavid6yahoo.com,354 Dave Glens Suite 044,Bartonberg,VI,33692,20-12-06 00:12:00
427,5d35d152-8aa2-4f5c-85ec-93e0efdbe745,Kellie,Michael,Ellison,Mrs.,MD,54-06-01,167-306-4898x53939,montgomerydanny3gmail.com,032 Hunter Vista Apt. 328,North Angelica,MA,48424,20-06-27 00:06:00
428,ee0d4e92-266f-4c4c-aff7-6051cad1f667,Clarence,Ashley,Villanueva,Mrs.,Jr.,86-03-25,708-949-8628x55688,cwest8gmail.com,62783 Mary Road Apt. 180,North Michael,IN,53702,20-12-16 00:12:00
429,d2aa6644-29e6-42e8-b981-f0b9883a874a,James,Adam,Beck,Mr.,MD,14-10-08,001-614-873-6748,joannaguilar9hotmail.com,64924 Heather Isle Suite 607,New Travisport,OR,90305,20-10-15 00:10:00
430,8522dd90-5b47-4ab4-a29b-d46d98d6d111,Jose,Michael,Galloway,Mr.,DVM,53-09-28,836-574-2472x91157,monica05yahoo.com,461 Stephen Camp Apt. 944,Jenniferside,OH,20029,20-08-02 00:08:00
431,eb8b95d3-4c1a-48c1-b5b5-46e6f8c93b8b,Brian,Christopher,Solis,Mr.,MD,75-09-20,(668)574-8437,paul055hotmail.com,41703 Jennifer Prairie Apt. 098,Ashleyton,DC,79189,20-07-20 00:07:00
432,b9dbff49-3b3e-4e1e-b51a-832ea18d458f,Michael,Margaret,Powell,Dr.,DDS,16-12-01,676.354.2636x54686,ksmithgmail.com,2387 Johnson Station,Lake Jamesberg,WA,00682,20-09-18 00:09:00
433,75dff59f-58e4-4ce7-b59a-e91c61bac524,Andrew,Chad,Bowman,Dr.,Jr.,97-12-30,615-163-2500x349,richard14yahoo.com,430 Jane Land,Robinberg,RI,19794,21-03-30 00:03:00
434,cf1a088f-fab7-4393-92aa-96eb82da8534,Terrence,Rick,White,Dr.,DDS,34-11-22,983.482.1364x58961,neallisa5yahoo.com,455 Casey Fords,West Kevinhaven,WY,78723,20-08-30 00:08:00
435,750b38d6-d7e3-4a57-8a07-5a67dca57c82,Amanda,Jeffery,Cooper,Dr.,MD,38-08-03,001-466-216-6551x9494,heatherwise6hotmail.com,99727 Cobb Ports,Rodneystad,WY,04000,21-05-08 00:05:00
436,1ab7cf26-345c-4d86-8e58-31b7e3da00b6,Joseph,Kendra,Howell,Mrs.,Jr.,70-12-26,316.937.4493,michaelhudsonyahoo.com,466 Cain Harbors,Murrayfort,VT,79630,20-12-29 00:12:00
437,bd9d8f79-c27a-4510-bee7-56626f0e8b1c,Seth,Meredith,Sanders,Mrs.,MD,96-04-13,+1-533-718-9931x526,barbarahurley1yahoo.com,383 Brianna Manors Suite 359,North Sarahfurt,DC,61135,21-04-06 00:04:00
438,d4aaef26-12e0-4905-9492-4f252edbc324,Chelsea,Cindy,Smith,Dr.,DVM,50-11-11,001-340-598-8543x237,nicholas74yahoo.com,688 Tran Summit Suite 240,Port Dennis,NE,58615,21-04-04 00:04:00
439,4474826c-fc4d-441a-95d0-b1336703bfaf,Angela,Travis,Coleman,Mr.,MD,16-01-21,(572)559-5030x319,umorrisgmail.com,091 Susan River Apt. 010,Nelsonfurt,PA,13749,21-05-10 00:05:00
440,cab06de0-5574-4b85-85c3-2fa9f1b79d13,Eric,Alison,Salazar,Ind.,DDS,76-06-20,001-948-632-4583x441,carol58gmail.com,665 Stephanie Burgs Apt. 362,South Theresa,IA,63854,20-10-25 00:10:00
441,4d26b404-4d62-4793-8222-3de9598c26f6,Bonnie,Pamela,Wright,Mr.,MD,55-04-28,122.923.5002x009,powelljessica2yahoo.com,3834 Matthew Crossing,Jamestown,SC,30834,20-07-16 00:07:00
442,ed3ee310-e1c8-4d8c-9aa8-a4fb3d0a7af7,Gary,Tammy,Clark,Mr.,MD,96-01-27,001-533-563-4033x855,qsmith6hotmail.com,00746 Samantha Prairie,Lake Carol,RI,64508,21-05-14 00:05:00
443,a934b325-375a-4bc0-baf6-40e992b1cc5c,David,Samuel,Lowery,Misc.,DDS,68-09-13,+1-586-741-0095,staffordmartin5yahoo.com,5304 Andrea Points,North Connieview,OK,47186,21-01-02 00:01:00
444,a4a95a04-5b69-4d4d-a01d-bc67fa68b9a7,Joseph,Samantha,Oneill,Mx.,II,02-08-17,(209)094-6736x0469,robertstone4gmail.com,124 Lisa Crescent,Carlberg,MT,47513,20-07-08 00:07:00
445,b33f244b-24d3-49fd-84f6-95e418774b2c,Maria,Kayla,Fischer,Dr.,DVM,01-02-07,444-641-6208,onealandrewgmail.com,063 Bethany Alley Suite 838,Kimberlyfort,TN,83227,21-02-24 00:02:00
446,9c26370a-1cb6-4d96-bc2c-bb76f032ad47,Samantha,Renee,Steele,Mx.,MD,73-05-17,994-769-4445,yhallgmail.com,38412 John Knoll Suite 040,North Morganshire,NH,05960,20-09-24 00:09:00
447,6b3b4268-2d72-4c30-941a-cd50d065df87,Joshua,Kelsey,Alvarez,Mr.,DVM,37-04-01,211.195.5537x1321,michellecrosby5yahoo.com,464 Jacob Ways Suite 347,Austinton,NV,58063,21-05-23 00:05:00
448,22a4a660-c994-44f5-abb8-5e97dc3dcd8b,Mary,Mark,Meadows,Ms.,Jr.,12-09-19,+1-649-363-3376x99400,jasonvangyahoo.com,429 Caroline Spurs Suite 257,Bonniestad,LA,84342,20-10-13 00:10:00
449,ab664b87-b457-42dd-8a90-76c8e7bec3eb,Alyssa,David,Rogers,Dr.,DVM,43-07-11,+1-809-460-9201,kevinmartinezhotmail.com,46994 Foley Extensions,Donaldberg,ME,65241,20-12-30 00:12:00
450,1ef1a823-ed4a-4f51-9e18-cd951eb8142e,James,Doris,Thompson,Mr.,DDS,35-11-16,848.925.8415,jhowell6yahoo.com,095 Larry Well Suite 248,Shellymouth,NY,20470,20-10-30 00:10:00
451,e9aabd16-1812-4344-802f-3070bc3de2bb,James,Kelli,Ortiz,Miss,MD,47-05-07,280.794.5299x34313,katherine19yahoo.com,2117 Cody Pike Apt. 941,North Toddburgh,MN,40197,20-09-07 00:09:00
452,4ed90a87-c99a-45fa-a0a3-26e824a0afa3,Joe,Tami,Martinez,Mr.,DDS,47-03-02,001-202-133-8545x8794,smithtravisyahoo.com,642 Brandon Divide Apt. 803,Kyleshire,IL,23485,21-04-10 00:04:00
453,458b382a-39be-4490-bc38-47f2303c6066,Raymond,Heather,Holder,Ind.,DVM,56-05-26,(092)328-2285,eileencampbellhotmail.com,5704 Ortiz Pike,Garnerfurt,ME,54978,21-02-11 00:02:00
454,9592fc85-33d0-4dbb-825f-1f28e4d9d8f5,Robert,Jerry,Hicks,Mx.,Jr.,56-12-29,+1-325-434-0666x49667,greese3hotmail.com,4160 Vincent Mission,Chavezshire,FL,39685,21-01-13 00:01:00
455,79673ae8-d12e-468d-a333-44fb45522a9a,Andrew,Scott,Fox,Mr.,DDS,01-05-13,(907)381-9588x316,chris558yahoo.com,18698 Aaron Ridge Suite 429,Melissaburgh,NJ,38892,20-11-01 00:11:00
456,3380695d-b04e-4f5c-b0b7-0cb2586a21aa,Christine,Kevin,Smith,Mr.,DVM,81-01-24,792-060-7841,hillrobert4gmail.com,0832 Sara Tunnel Apt. 315,Hernandezmouth,LA,03066,20-10-18 00:10:00
457,c04baf33-be4f-408e-a678-9c0db1f30e74,Molly,Desiree,Walters,Dr.,PhD,63-11-17,691-822-2862,russell65hotmail.com,30248 John Lakes Suite 422,East Rebeccabury,DE,27434,20-07-21 00:07:00
458,45b0b85f-f1ec-49d6-aa9b-f127ab31993c,Teresa,Benjamin,Fowler,Ms.,MD,62-04-12,001-911-294-0535,nathanmcbride9gmail.com,9618 Cunningham Loaf,East Catherine,KS,54033,21-05-22 00:05:00
459,04b6b8bb-2823-4a1a-a902-f5d72ccfef51,Amy,Kaitlyn,Wiggins,Dr.,Jr.,38-01-01,515.327.6307x570,kbutlergmail.com,72768 Teresa Mission,Hillport,CT,63114,21-05-24 00:05:00
460,c722e7b2-d6c5-4616-8e36-cf69e41e01a2,Amber,Deborah,Rowe,Dr.,Jr.,06-05-07,001-585-502-9991x42826,tscott5gmail.com,09731 Dominic Track,East Joseton,MO,01915,21-05-21 00:05:00
461,621154c3-0439-4866-bd97-6c720739c31c,Timothy,Wayne,Duncan,Mrs.,DDS,02-12-03,+1-219-275-1467x8858,erin72hotmail.com,54453 Lori Ferry Suite 016,Brewerville,ID,13819,21-04-07 00:04:00
462,fdb5c23c-da7d-4679-b2b0-7008eb945f5e,Jonathan,Jennifer,Owens,Dr.,DDS,51-12-22,(068)298-2923x649,ethan305hotmail.com,538 Wagner Street Apt. 643,Lake Paulchester,DE,66809,20-09-11 00:09:00
463,07da1f6c-75bd-441a-87aa-c80770d0ac89,Cindy,Ellen,Baird,Mx.,DVM,25-04-26,+1-418-860-9259,iblankenshipyahoo.com,2630 Robinson Forks Suite 729,Lake Angela,RI,33560,21-02-08 00:02:00
464,982ca596-3a1c-480d-b77e-82d89d5c713e,Jerry,Donna,Ellis,Mr.,PhD,02-09-07,871.999.1246x14798,mason513hotmail.com,6670 John Vista Suite 188,South Alec,WY,63101,20-07-28 00:07:00
465,640b6b87-f066-4ea9-ba42-9975490e3360,Stephen,Miguel,Hunter,Dr.,DVM,47-08-10,504.454.3688x7704,joyce588gmail.com,16625 Hardin Grove Suite 800,West Tiffanyburgh,HI,24875,20-11-07 00:11:00
466,ef191444-a700-4e84-92db-6271531da920,Alison,Kristen,Jenkins,Mx.,PhD,04-09-17,913-042-6510,rmoorehotmail.com,643 Jones Plaza,North Anthony,CT,52070,20-12-08 00:12:00
467,eeae577b-7f01-4a35-8620-b2e4a07ed3f0,Trevor,Blake,Navarro,Dr.,DDS,77-04-01,001-666-404-9158x046,jasonadams5yahoo.com,8993 Davis Turnpike Suite 120,Evansview,GA,18305,20-10-19 00:10:00
468,b0834b58-91d3-4e14-8f26-6902f574855f,Kristin,Marcus,King,Mr.,DVM,30-03-29,001-188-657-9273x0400,daniel317hotmail.com,3065 Danielle Overpass Suite 763,Port Teresa,IL,61470,21-01-29 00:01:00
469,c410d8bc-1d27-4d89-b76a-cba9139c77c9,Jaclyn,Jay,Garcia,Mrs.,DDS,08-06-04,001-236-136-4936x494,stephaniecarrillo8gmail.com,21108 Michael Springs Suite 396,East Christinafurt,NJ,91786,20-08-28 00:08:00
470,a114f27e-1931-4e1a-8385-c93fc21985a3,Rebecca,Katrina,Martin,Dr.,Jr.,13-09-13,7864867401,urussellyahoo.com,9414 Boyle Park Apt. 732,Hayneschester,ME,97323,20-09-17 00:09:00
471,7360ee70-5c31-445f-b1cf-a7310c273afa,Tamara,Cindy,Edwards,Mrs.,DDS,41-10-03,919.006.9168x5232,carlosrichardsonhotmail.com,7732 Diaz Valley,North Meghan,KY,59866,21-05-17 00:05:00
472,4b7132bb-1852-452e-a991-93ca562bed61,Steven,Autumn,Shaw,Mx.,MD,66-12-05,7122182161,alicia817yahoo.com,235 Martin Valley Suite 816,East Michaelfurt,IA,96801,21-04-20 00:04:00
473,7c1e3a6e-b3f5-4339-8676-f7926ec46a36,Nathan,Anthony,Kaiser,Mrs.,MD,44-07-09,307-390-0161,marvin551hotmail.com,3220 Yates Valley Suite 898,Port Dennis,CO,17685,21-05-09 00:05:00
474,06ea3809-a312-4f0d-94e9-9b77fae76dd2,Donald,Susan,Mills,Ind.,DDS,81-01-20,9213364832,qsullivan3hotmail.com,54774 Todd Streets Apt. 759,East Matthew,AK,02794,20-12-27 00:12:00
475,7eee5b83-d06e-4083-9927-a755f93f4205,John,Meghan,Davis,Dr.,DVM,13-12-25,(806)157-2831x98259,benjaminhernandezyahoo.com,71412 Brittany Throughway Suite 899,Wheelerfort,WY,61088,21-01-14 00:01:00
476,d0a9ffdd-adc0-4566-bcfc-4ead213e85ea,Ebony,Melissa,Valdez,Mr.,MD,52-08-28,218-895-7741x7588,bblanchard7hotmail.com,95102 Jesse Mountains Suite 288,Port Brendanborough,NH,25470,21-06-22 00:06:00
477,9404af75-ed55-4e87-8d8f-d72008e2745c,Angelica,Donna,Thomas,Dr.,MD,50-12-14,049.423.3298x307,shelby459gmail.com,279 Mary Orchard,Jonathanfurt,NY,62146,20-08-31 00:08:00
478,772004e6-e4c3-430c-a6d1-4cf6ee3842c8,Dennis,Stephen,Gill,Dr.,DVM,02-06-09,001-582-865-3482x00852,christopherlindsey1gmail.com,588 Aaron Points Suite 004,North Andreaborough,NJ,96708,20-09-08 00:09:00
479,b3627aa9-6873-4647-ab29-20e4ebc06bbd,Laura,Amanda,Mason,Mr.,MD,93-11-15,538-344-9487x885,jill81hotmail.com,4697 Stewart Tunnel Suite 745,Colliermouth,NC,22867,20-10-21 00:10:00
480,bdd0678a-ded1-4d9a-9db2-31b41594a794,Eric,Danielle,Rivera,Mx.,III,33-12-12,181-460-6972x0463,yvargasgmail.com,37008 Gonzalez Harbor Suite 191,New Aprilstad,CA,71760,20-11-26 00:11:00
481,be7df0cd-8f06-48e7-a31e-6208dec9d17a,Gail,Steven,Smith,Ms.,PhD,28-05-20,001-071-369-5769x15153,grayrichardhotmail.com,386 Russell Mills Apt. 260,Kellyside,HI,29058,21-04-16 00:04:00
482,f956d4e8-196a-4106-9f62-ee32f83d71b2,Sarah,Nicole,Jenkins,Mx.,MD,32-05-15,(087)659-0838x42774,kevinfowlerhotmail.com,4837 Troy Stream,East Kathrynfurt,DE,41471,20-12-30 00:12:00
483,542c2950-8432-44f6-b16c-4bc692ac2803,Regina,Briana,Pena,Dr.,DVM,02-01-25,024-957-9992x568,william685yahoo.com,91055 Carter Stravenue Suite 327,Anthonytown,MA,50870,20-07-15 00:07:00
484,fa0c4ab2-4c40-4da0-b5f3-c528f28c108d,Daniel,Heather,Ross,Misc.,DVM,16-01-06,971-186-5287x08559,whiteadam9yahoo.com,277 Bishop Parkways,Loveport,PA,55060,21-04-02 00:04:00
485,e7a715ae-7d09-41eb-84d3-682977d1b027,Alan,Angela,Bryant,Ind.,MD,56-10-25,229-348-2415,william589yahoo.com,10884 Jose Walks Apt. 559,South Karen,DE,19307,21-01-06 00:01:00
486,cc4e2bba-3d0d-47f7-99de-79df38883088,Daniel,Richard,Cox,Dr.,MD,99-05-20,001-860-939-0545x7908,martinezjuliayahoo.com,4956 Randall Street Suite 793,Clarkmouth,VT,01555,21-03-13 00:03:00
487,97a922a2-6978-4d27-ac3b-f3bf30fa6589,Mark,Cameron,Haney,Mr.,DVM,50-08-05,001-624-995-5641x9942,nancyheathhotmail.com,899 Henderson Union Suite 301,Paulfurt,OR,55178,21-05-14 00:05:00
488,93a740e0-f5cc-4675-8dbe-d6955bcf8ce1,Allison,Jennifer,Carter,Mr.,MD,73-01-06,+1-330-548-4109x850,jasoncampbellgmail.com,1853 Kelly Shores,Joanville,VA,14168,20-07-13 00:07:00
489,d79520aa-8c5a-4220-bc65-efe0c8836106,James,Kelly,Aguilar,Mr.,DDS,88-06-18,(936)943-8343x79748,hammondjacob3hotmail.com,4901 Hunter Shores,Port Cynthiafurt,MN,01729,21-03-28 00:03:00
490,b996cda3-dbc9-40f6-97ad-ff3a6559a31b,Anthony,Kimberly,Greene,Dr.,PhD,27-07-06,001-601-800-2107,kramirezhotmail.com,281 Ramirez Skyway,Brianland,FL,85064,21-05-08 00:05:00
491,832393cb-6ace-4dac-8b9d-ef4bf7e042ea,Lauren,John,Rowe,Misc.,DVM,94-05-17,001-598-590-6703x2785,brandyturner6hotmail.com,851 Anna Forest Apt. 547,Hillmouth,NJ,12639,20-08-25 00:08:00
492,7ec8052d-9e2d-4fb4-bdfd-610aaf030326,Devin,Karla,Ramirez,Dr.,II,63-07-26,100.555.0397x399,joseph96hotmail.com,9104 Smith Lane Suite 309,South Benjamin,KY,28307,20-10-06 00:10:00
493,4419b970-db61-4830-bea4-dd9f695e51df,Susan,Douglas,Alvarez,Mx.,Jr.,41-04-10,3337220745,nicolefishergmail.com,55907 Pamela Circle,New Sara,GA,50392,21-02-11 00:02:00
494,a4eb4c75-0e22-42e0-a9b9-c369f96de1b8,Kimberly,Amber,Robinson,Dr.,MD,87-10-05,659-398-8434,rkinghotmail.com,79168 Jackson Prairie,South Coreymouth,HI,45229,21-02-05 00:02:00
495,0e4bbca8-986c-4bc7-ab91-5f36014340b1,Lori,Shawn,Osborn,Ind.,PhD,84-02-09,+1-599-888-3415x157,jamesfosteryahoo.com,560 Jeremy Views,Sarahport,NC,87178,21-01-04 00:01:00
496,7470a442-1b60-49ef-925d-84f2a9740c67,Kent,Daniel,Lucas,Dr.,MD,41-05-08,627.990.2262x1631,ronald541hotmail.com,8191 David Expressway,Jaredland,LA,95202,20-10-22 00:10:00
497,db0f0720-758a-4873-bf46-019ec0db9f93,Cristian,Jimmy,Wood,Mrs.,Jr.,16-06-18,(507)001-5405,victoriajones3yahoo.com,9309 Jonathan Branch,Lake Katrinastad,FL,86234,21-03-17 00:03:00
498,d8d71728-219d-4346-8232-eaf9b0a0a5ec,Brianna,Mark,Horn,Dr.,MD,67-01-19,(047)618-0175x854,sschmidtyahoo.com,1397 Katie Meadow Suite 452,West Jennifer,VA,21615,20-07-03 00:07:00
499,64469e42-0344-424f-982f-90a940d6216a,Deborah,Zachary,Kelly,Mr.,MD,20-06-10,(703)178-0939,mathew723yahoo.com,5482 Jeffrey Gateway,North Caroline,LA,32441,20-10-21 00:10:00
500,ae128959-bf4e-4039-b191-59a27e481e2b,Jennifer,Chad,Cox,Mx.,DDS,88-03-18,+1-940-849-1260x398,wvalenzuela1gmail.com,443 Kaiser Mountains Suite 928,North Paula,DE,67522,20-10-07 00:10:00
